building_id,target_building_id,distance_in_meters,create_date,last_update_date,updated_by_user_id
BRYANTHAL,KUROMAKUH,590.567235652,,,
CENTRALSE,KUROMAKUH,89.384430080,,,
CANFIELDH,KUROMAKUH,553.489952294,,,
COLEMANHA,KUROMAKUH,511.901270833,,,
HORNLIBRA,KUROMAKUH,381.832904579,,,
PARKMANOR-N,KUROMAKUH,549.443617634,,,
CAMPUSCEN,KUROMAKUH,125.800785234,,,
WOODLANDH-3,KUROMAKUH,293.371379208,,,
PARKING-T,KUROMAKUH,220.599537025,,,
PARKING-C,KUROMAKUH,556.617830101,,,
PARKING-N,KUROMAKUH,540.582750990,,,
PARKING-W,KUROMAKUH,312.821885778,,,
SOCCERFIE,KUROMAKUH,433.932789248,,,
KUROMAKUS,KUROMAKUE,92.798826811,,,
BRYANTHAL,KUROMAKUE,519.223146182,,,
CENTRALSE,KUROMAKUE,160.724996915,,,
HORNLIBRA,KUROMAKUE,283.966324298,,,
JABBER,KUROMAKUE,344.011363626,,,
PARKING-C,KUROMAKUE,475.983282697,,,
PARKING-W,KUROMAKUE,348.189200880,,,
SOCCERFIE,KUROMAKUE,530.954795182,,,
BRYANTHAL,KUROMAKUS,512.061425942,,,
CENTRALSE,KUROMAKUS,253.362893385,,,
GERBERHAL,KUROMAKUS,289.223319231,,,
HORNLIBRA,KUROMAKUS,209.924416544,,,
SULLIVANB,KUROMAKUS,375.642170895,,,
PARKING-C,KUROMAKUS,454.991520466,,,
SOCCERFIE,KUROMAKUS,604.330216893,,,
KUROMAKUS,BRYANTHAL,512.061425942,,,
CANFIELDH,BRYANTHAL,44.434570693,,,
CENTRALSE,BRYANTHAL,578.981968368,,,
LUKSICHAL,BRYANTHAL,371.639352459,,,
PARKMANOR-S,BRYANTHAL,103.599102899,,,
SOCCERFIE,BRYANTHAL,987.704620857,,,
KUROMAKUS,CANFIELDH,469.280709016,,,
BRYANTHAL,CANFIELDH,44.434570692,,,
CENTRALSE,CANFIELDH,546.187230813,,,
PARKMANOR-S,CANFIELDH,139.599777842,,,
SULLIVANB,CANFIELDH,337.359852530,,,
JABBER,CANFIELDH,174.624931649,,,
PARKING-T,CANFIELDH,731.659815062,,,
SOCCERFIE,CANFIELDH,957.018914826,,,
KUROMAKUS,CENTRALSE,253.362893385,,,
BRYANTHAL,CENTRALSE,578.981968368,,,
BRYANTHAL,COLEMANHA,89.145853504,,,
CANFIELDH,COLEMANHA,45.240212063,,,
CENTRALSE,COLEMANHA,508.177873589,,,
KUROMAKUS,FORESTHAL,599.677988160,,,
CANFIELDH,FORESTHAL,166.845612488,,,
BRYANTHAL,FORESTHAL-A,114.179717534,,,
CANFIELDH,FORESTHAL-A,135.563331913,,,
CENTRALSE,FORESTHAL-A,680.519786413,,,
CANFIELDH,GERBERHAL,312.890686365,,,
CENTRALSE,GERBERHAL,499.640588910,,,
CANFIELDH,HOLLISTER,403.310829546,,,
CENTRALSE,HOLLISTER,554.865440630,,,
CANFIELDH,HORNLIBRA,354.163777720,,,
CENTRALSE,HORNLIBRA,433.566368621,,,
CANFIELDH,HORNCOMPU,418.738892038,,,
CANFIELDH,KEITHHALL,269.793513718,,,
CENTRALSE,KEITHHALL,438.098471339,,,
CANFIELDH,KNIGHTAUD,252.243997118,,,
CENTRALSE,KNIGHTAUD,311.499894047,,,
CANFIELDH,KRIEBELHA,385.562346627,,,
CANFIELDH,LUKSICHAL,343.204984076,,,
CANFIELDH,MUSTARDHA,477.476276360,,,
CANFIELDH,MALLOYHAL,484.610020546,,,
BRYANTHAL,MCCULLOUGH,439.761471729,,,
CANFIELDH,MCCULLOUGH,413.611718816,,,
BRYANTHAL,PARKMANOR-S,103.599102898,,,
BRYANTHAL,PARKMANOR-C,68.796002374,,,
CANFIELDH,PARKMANOR-C,98.591459460,,,
BRYANTHAL,PARKMANOR-N,65.569971179,,,
BRYANTHAL,POSTOFFIC,439.344871944,,,
CANFIELDH,POSTOFFIC,407.956060283,,,
BRYANTHAL,CAMPUSCEN,570.812683084,,,
CANFIELDH,CAMPUSCEN,529.262626954,,,
BRYANTHAL,SULLIVANB,355.808029889,,,
CANFIELDH,SULLIVANB,337.359852530,,,
KUROMAKUS,PARKING-C,454.991520466,,,
KUROMAKUS,PARKING-T,270.813313185,,,
KUROMAKUS,PARKING-K,328.998106315,,,
KUROMAKUS,PARKING-E,225.368126073,,,
KUROMAKUS,PARKING-F,553.960186559,,,
KUROMAKUS,PARKING-N,378.665739082,,,
KUROMAKUS,PARKING-P,411.723062089,,,
KUROMAKUS,PARKING-H,335.734400329,,,
KUROMAKUS,PARKING-W,352.911304506,,,
KUROMAKUS,PARKING-S,350.704989106,,,
KUROMAKUS,SOCCERFIE,604.330216893,,,
KUROMAKUS,PARKING-Y,556.179351492,,,
KUROMAKUS,TENNISCOU,339.136598429,,,
BRYANTHAL,TOMASSOHA,667.677594963,,,
BRYANTHAL,TRIMDININ,708.726644497,,,
CANFIELDH,TRIMDININ,667.923179625,,,
BRYANTHAL,JABBER,218.953126842,,,
BRYANTHAL,RECREATION,628.674113000,,,
BRYANTHAL,WESTGATEH,295.947934343,,,
BRYANTHAL,WOODLANDH-1,770.103690625,,,
BRYANTHAL,WOODLANDH-2,798.131703826,,,
BRYANTHAL,WOODLANDH-3,821.111567264,,,
BRYANTHAL,PARKING-T,772.768802198,,,
BRYANTHAL,PARKING-C,89.408640730,,,
BRYANTHAL,PARKING-E,666.850204544,,,
BRYANTHAL,PARKING-K,213.016848112,,,
CANFIELDH,PARKING-K,180.640934013,,,
BRYANTHAL,PARKING-N,330.103536348,,,
CANFIELDH,PARKING-N,293.668016298,,,
BRYANTHAL,PARKING-F,120.592968866,,,
BRYANTHAL,PARKING-H,399.748835481,,,
CANFIELDH,PARKING-H,360.314720329,,,
BRYANTHAL,PARKING-P,725.086676478,,,
BRYANTHAL,PARKING-S,395.547187746,,,
CANFIELDH,PARKING-S,373.985958428,,,
BRYANTHAL,PARKING-W,860.965718843,,,
BRYANTHAL,PARKING-Y,44.985002563,,,
CANFIELDH,PARKING-Y,89.383713256,,,
BRYANTHAL,SOCCERFIE,987.704620857,,,
CANFIELDH,SOCCERFIE,957.018914826,,,
BRYANTHAL,TENNISCOU,807.291338577,,,
KUROMAKUE,KUROMAKUH,97.942886924,,,
KUROMAKUS,KUROMAKUH,182.600364778,,,
GERBERHAL,KUROMAKUH,455.116482067,,,
HOLLISTER,KUROMAKUH,498.287110582,,,
GERBERHAL,KUROMAKUE,357.345292321,,,
HOLLISTER,KUROMAKUE,401.326857995,,,
KUROMAKUE,KUROMAKUS,92.798826811,,,
HOLLISTER,KUROMAKUS,319.259036844,,,
KUROMAKUE,BRYANTHAL,519.223146182,,,
HOLLISTER,BRYANTHAL,443.774530729,,,
KUROMAKUE,CANFIELDH,479.423052350,,,
HOLLISTER,CANFIELDH,403.310829546,,,
CANFIELDH,CENTRALSE,546.187230813,,,
KUROMAKUE,CENTRALSE,160.724996915,,,
HOLLISTER,CENTRALSE,554.865440629,,,
PARKMANOR-S,CENTRALSE,599.620684192,,,
PARKING-T,CENTRALSE,295.994648189,,,
PARKING-Y,CENTRALSE,615.197767070,,,
SOCCERFIE,CENTRALSE,412.927945253,,,
KUROMAKUE,COLEMANHA,435.905542818,,,
HOLLISTER,COLEMANHA,368.785093110,,,
SULLIVANB,COLEMANHA,314.593350618,,,
PARKING-T,COLEMANHA,687.227615271,,,
PARKING-K,COLEMANHA,146.138556197,,,
SOCCERFIE,COLEMANHA,920.244240288,,,
CENTRALSE,FORESTHAL,707.435145406,,,
KUROMAKUE,FORESTHAL,625.477996421,,,
FORESTHAL-A,FORESTHAL,38.195076660,,,
HOLLISTER,FORESTHAL,445.374949128,,,
LUKSICHAL,FORESTHAL,508.967137387,,,
PARKMANOR-S,FORESTHAL,219.595092265,,,
SULLIVANB,FORESTHAL,503.148284305,,,
SOCCERFIE,FORESTHAL,1119.819175663,,,
KUROMAKUE,FORESTHAL-A,604.959366619,,,
HOLLISTER,FORESTHAL-A,450.801222725,,,
PARKMANOR-S,FORESTHAL-A,181.896759036,,,
SOCCERFIE,FORESTHAL-A,1092.067467730,,,
KUROMAKUE,GERBERHAL,357.345292321,,,
FORESTHAL-A,GERBERHAL,375.163604189,,,
HOLLISTER,GERBERHAL,95.703503729,,,
PARKMANOR-S,GERBERHAL,451.161572390,,,
CAMPUSCEN,GERBERHAL,364.309354932,,,
PARKING-T,GERBERHAL,549.131650766,,,
SOCCERFIE,GERBERHAL,887.951426962,,,
KUROMAKUE,HOLLISTER,401.326857995,,,
FORESTHAL-A,HOLLISTER,450.801222726,,,
GERBERHAL,HOLLISTER,95.703503728,,,
PARKMANOR-S,HOLLISTER,542.597669322,,,
TRIMDININ,HOLLISTER,510.541870381,,,
SOCCERFIE,HOLLISTER,923.205284763,,,
KUROMAKUE,HORNLIBRA,283.966324298,,,
FORESTHAL-A,HORNLIBRA,436.166956503,,,
HOLLISTER,HORNLIBRA,123.325832127,,,
GERBERHAL,HORNLIBRA,81.671122269,,,
TRIMDININ,HORNLIBRA,415.562931006,,,
WOODLANDH-3,HORNLIBRA,489.028578338,,,
KUROMAKUE,HORNCOMPU,288.181154213,,,
FORESTHAL-A,HORNCOMPU,497.532205466,,,
KUROMAKUE,KEITHHALL,306.101221694,,,
FORESTHAL-A,KEITHHALL,355.555711141,,,
HOLLISTER,KEITHHALL,165.697290406,,,
KUROMAKUE,KNIGHTAUD,298.738268298,,,
HOLLISTER,KNIGHTAUD,459.114396266,,,
KUROMAKUE,KRIEBELHA,198.292010282,,,
FORESTHAL-A,KRIEBELHA,486.115158209,,,
KUROMAKUE,LUKSICHAL,224.700531404,,,
HOLLISTER,LUKSICHAL,475.553731061,,,
HOLLISTER,MUSTARDHA,467.881510675,,,
HOLLISTER,MALLOYHAL,533.368390883,,,
FORESTHAL-A,PARKING-P,832.037576666,,,
KUROMAKUE,PARKING-Y,561.173619102,,,
KUROMAKUE,PARKING-W,348.189200880,,,
KUROMAKUE,TENNISCOU,292.757428349,,,
KUROMAKUE,SOCCERFIE,530.954795182,,,
HOLLISTER,MCCULLOUGH,536.436149451,,,
HOLLISTER,PARKMANOR-S,542.597669321,,,
HOLLISTER,PARKMANOR-C,500.251966338,,,
HOLLISTER,PARKMANOR-N,464.088756169,,,
HOLLISTER,POSTOFFIC,482.032535881,,,
HOLLISTER,CAMPUSCEN,391.308544607,,,
GERBERHAL,SULLIVANB,458.030821249,,,
GERBERHAL,TOMASSOHA,626.773420222,,,
HOLLISTER,TOMASSOHA,684.628167067,,,
GERBERHAL,TRIMDININ,496.852643315,,,
GERBERHAL,JABBER,153.118977552,,,
HOLLISTER,JABBER,248.725496892,,,
GERBERHAL,RECREATION,428.665413834,,,
HOLLISTER,RECREATION,452.040650745,,,
GERBERHAL,WESTGATEH,62.568631716,,,
HOLLISTER,WESTGATEH,148.074941459,,,
GERBERHAL,WOODLANDH-1,508.401509481,,,
GERBERHAL,PARKING-P,669.397565380,,,
KUROMAKUE,PARKING-H,411.619813344,,,
FORESTHAL-A,PARKING-W,936.954191652,,,
KUROMAKUE,PARKING-S,284.416658955,,,
FORESTHAL-A,SOCCERFIE,1092.067467730,,,
FORESTHAL-A,PARKING-Y,105.403027056,,,
FORESTHAL-A,TENNISCOU,896.929998399,,,
GERBERHAL,WOODLANDH-2,541.234934558,,,
HOLLISTER,WOODLANDH-2,532.565229575,,,
GERBERHAL,WOODLANDH-3,570.008141278,,,
GERBERHAL,WOODLANDH-4,553.165506839,,,
HOLLISTER,WOODLANDH-4,550.489518485,,,
GERBERHAL,PARKING-T,549.131650766,,,
GERBERHAL,PARKING-C,268.592205177,,,
HOLLISTER,PARKING-C,355.503026654,,,
GERBERHAL,PARKING-E,511.252758649,,,
HOLLISTER,PARKING-E,544.299544214,,,
GERBERHAL,PARKING-K,298.443905507,,,
GERBERHAL,PARKING-N,90.144810032,,,
HOLLISTER,PARKING-N,129.994290238,,,
FORESTHAL-A,PARKING-F,41.754201487,,,
GERBERHAL,PARKING-F,335.593084528,,,
FORESTHAL-A,PARKING-H,402.988898474,,,
FORESTHAL-A,PARKING-S,507.619182216,,,
GERBERHAL,PARKING-S,464.165494735,,,
GERBERHAL,PARKING-W,619.279954299,,,
GERBERHAL,PARKING-Y,397.062570996,,,
GERBERHAL,TENNISCOU,627.927656687,,,
FORESTHAL,KUROMAKUH,706.960584917,,,
FORESTHAL-A,KUROMAKUH,683.748055486,,,
LUKSICHAL,KUROMAKUH,251.935297319,,,
FORESTHAL,KUROMAKUE,625.477996421,,,
FORESTHAL-A,KUROMAKUE,604.959366619,,,
LUKSICHAL,KUROMAKUE,224.700531404,,,
FORESTHAL,KUROMAKUS,599.677988160,,,
FORESTHAL-A,KUROMAKUS,584.169268307,,,
LUKSICHAL,KUROMAKUS,281.862816637,,,
FORESTHAL,BRYANTHAL,150.389193546,,,
FORESTHAL-A,BRYANTHAL,114.179717534,,,
FORESTHAL,CANFIELDH,166.845612488,,,
FORESTHAL-A,CANFIELDH,135.563331913,,,
COLEMANHA,CENTRALSE,508.177873589,,,
FORESTHAL,CENTRALSE,707.435145406,,,
FORESTHAL-A,CENTRALSE,680.519786414,,,
FORESTHAL,COLEMANHA,199.708661812,,,
FORESTHAL-A,COLEMANHA,172.620762149,,,
COLEMANHA,FORESTHAL,199.708661812,,,
COLEMANHA,FORESTHAL-A,172.620762149,,,
FORESTHAL,FORESTHAL-A,38.195076660,,,
COLEMANHA,GERBERHAL,276.086510735,,,
FORESTHAL,GERBERHAL,375.506991218,,,
COLEMANHA,HOLLISTER,368.785093111,,,
FORESTHAL,HOLLISTER,445.374949129,,,
COLEMANHA,HORNLIBRA,312.323929065,,,
CENTRALSE,HORNCOMPU,445.921528525,,,
HOLLISTER,HORNCOMPU,119.586281319,,,
COLEMANHA,HORNCOMPU,377.024554265,,,
FORESTHAL,HORNCOMPU,500.832820182,,,
MUSTARDHA,HORNCOMPU,360.895923781,,,
PARKMANOR-S,HORNCOMPU,551.312331015,,,
TRIMDININ,HORNCOMPU,391.362136393,,,
COLEMANHA,KEITHHALL,228.143324799,,,
GERBERHAL,KEITHHALL,74.674078384,,,
TRIMDININ,KEITHHALL,464.135682550,,,
COLEMANHA,KNIGHTAUD,224.174319148,,,
FORESTHAL-A,KNIGHTAUD,387.084833645,,,
GERBERHAL,KNIGHTAUD,368.332457631,,,
MALLOYHAL,KNIGHTAUD,244.400146971,,,
PARKMANOR-S,KNIGHTAUD,288.121263661,,,
TRIMDININ,KNIGHTAUD,486.560865167,,,
PARKING-E,KNIGHTAUD,419.631411322,,,
HOLLISTER,KRIEBELHA,203.554018973,,,
COLEMANHA,KRIEBELHA,340.863046639,,,
GERBERHAL,KRIEBELHA,165.600516449,,,
MALLOYHAL,KRIEBELHA,334.617212787,,,
TRIMDININ,KRIEBELHA,332.615889656,,,
PARKING-E,KRIEBELHA,347.192472179,,,
CENTRALSE,LUKSICHAL,214.108668585,,,
FORESTHAL-A,LUKSICHAL,478.766014532,,,
FORESTHAL,LUKSICHAL,508.967137387,,,
GERBERHAL,LUKSICHAL,393.899853365,,,
MALLOYHAL,LUKSICHAL,146.711464564,,,
COLEMANHA,MUSTARDHA,437.035561881,,,
FORESTHAL-A,MALLOYHAL,619.753657107,,,
FORESTHAL-A,MCCULLOUGH,548.952243350,,,
FORESTHAL-A,PARKMANOR-S,181.896759036,,,
FORESTHAL-A,PARKMANOR-C,167.623697986,,,
FORESTHAL-A,PARKMANOR-N,179.084347503,,,
FORESTHAL,POSTOFFIC,571.399877186,,,
FORESTHAL,CAMPUSCEN,666.689448766,,,
FORESTHAL-A,CAMPUSCEN,649.208425815,,,
FORESTHAL,SULLIVANB,503.148284305,,,
FORESTHAL,TOMASSOHA,805.345230243,,,
FORESTHAL-A,TOMASSOHA,775.417735825,,,
FORESTHAL,TRIMDININ,807.578576896,,,
FORESTHAL-A,TRIMDININ,789.666804824,,,
FORESTHAL,JABBER,287.362110552,,,
FORESTHAL-A,JABBER,273.164507646,,,
FORESTHAL,RECREATION,728.837004739,,,
FORESTHAL-A,RECREATION,710.357239270,,,
FORESTHAL,WESTGATEH,313.290314933,,,
COLEMANHA,PARKING-F,156.572035166,,,
COLEMANHA,PARKING-N,266.701261221,,,
COLEMANHA,PARKING-P,661.901199696,,,
COLEMANHA,PARKING-H,327.795260201,,,
COLEMANHA,PARKING-W,774.478242842,,,
COLEMANHA,PARKING-S,347.601144715,,,
COLEMANHA,SOCCERFIE,920.244240288,,,
COLEMANHA,PARKING-Y,134.088858467,,,
COLEMANHA,TENNISCOU,726.497082899,,,
FORESTHAL,WOODLANDH-1,852.273327280,,,
FORESTHAL-A,WOODLANDH-1,839.100769325,,,
FORESTHAL,WOODLANDH-2,882.754853949,,,
FORESTHAL-A,WOODLANDH-2,868.979137815,,,
FORESTHAL,WOODLANDH-3,908.423972111,,,
FORESTHAL-A,WOODLANDH-3,893.959188197,,,
KRIEBELHA,WOODLANDH-3,415.657026376,,,
FORESTHAL,WOODLANDH-4,886.027655171,,,
FORESTHAL-A,WOODLANDH-4,870.753489197,,,
FORESTHAL,PARKING-T,869.208601617,,,
FORESTHAL-A,PARKING-T,852.110576844,,,
KRIEBELHA,PARKING-T,387.317983131,,,
FORESTHAL,PARKING-C,150.355583960,,,
FORESTHAL-A,PARKING-C,129.561724713,,,
FORESTHAL,PARKING-E,780.731771342,,,
FORESTHAL-A,PARKING-E,758.419126143,,,
KRIEBELHA,PARKING-E,347.192472179,,,
COLEMANHA,PARKING-K,146.138556197,,,
FORESTHAL,PARKING-K,345.218656398,,,
FORESTHAL-A,PARKING-K,315.937828160,,,
FORESTHAL,PARKING-N,316.126987612,,,
FORESTHAL-A,PARKING-N,323.574132326,,,
FORESTHAL,PARKING-F,45.967833271,,,
KRIEBELHA,PARKING-F,452.154166899,,,
FORESTHAL,PARKING-H,397.066677527,,,
KRIEBELHA,PARKING-H,214.133934479,,,
FORESTHAL,PARKING-P,861.451123311,,,
KRIEBELHA,PARKING-P,518.703556699,,,
FORESTHAL,PARKING-S,540.680047778,,,
FORESTHAL,PARKING-W,952.519395523,,,
KRIEBELHA,PARKING-W,462.677581510,,,
FORESTHAL,PARKING-Y,143.584199052,,,
FORESTHAL,SOCCERFIE,1119.819175663,,,
FORESTHAL,TENNISCOU,918.099358870,,,
KRIEBELHA,SOCCERFIE,725.416561505,,,
KRIEBELHA,TENNISCOU,462.417768630,,,
KEITHHALL,KUROMAKUH,402.063948451,,,
KNIGHTAUD,KUROMAKUH,342.707649848,,,
KRIEBELHA,KUROMAKUH,295.862703427,,,
KEITHHALL,KUROMAKUE,306.101221694,,,
KNIGHTAUD,KUROMAKUE,298.738268298,,,
KRIEBELHA,KUROMAKUE,198.292010282,,,
KEITHHALL,KUROMAKUS,251.923078219,,,
KNIGHTAUD,KUROMAKUS,335.068604595,,,
KRIEBELHA,KUROMAKUS,123.649673851,,,
KEITHHALL,BRYANTHAL,313.801587844,,,
KNIGHTAUD,BRYANTHAL,277.175792000,,,
KRIEBELHA,BRYANTHAL,429.894044930,,,
KEITHHALL,CANFIELDH,269.793513718,,,
KNIGHTAUD,CANFIELDH,252.243997118,,,
KRIEBELHA,CANFIELDH,385.562346627,,,
KEITHHALL,CENTRALSE,438.098471339,,,
KNIGHTAUD,CENTRALSE,311.499894047,,,
KRIEBELHA,CENTRALSE,351.722240697,,,
KEITHHALL,COLEMANHA,228.143324799,,,
KNIGHTAUD,COLEMANHA,224.174319148,,,
KRIEBELHA,COLEMANHA,340.863046639,,,
KEITHHALL,FORESTHAL,363.442120381,,,
KRIEBELHA,FORESTHAL,496.834318044,,,
KEITHHALL,FORESTHAL-A,355.555711141,,,
KRIEBELHA,FORESTHAL-A,486.115158209,,,
KEITHHALL,GERBERHAL,74.674078384,,,
KRIEBELHA,GERBERHAL,165.600516449,,,
KEITHHALL,HOLLISTER,165.697290406,,,
KRIEBELHA,HOLLISTER,203.554018973,,,
KEITHHALL,HORNLIBRA,84.372154415,,,
KRIEBELHA,HORNLIBRA,86.879977882,,,
LUKSICHAL,HORNLIBRA,356.562332967,,,
KEITHHALL,HORNCOMPU,148.976126928,,,
KRIEBELHA,HORNCOMPU,98.183773671,,,
KNIGHTAUD,KEITHHALL,294.250830819,,,
KRIEBELHA,KEITHHALL,135.957948623,,,
LUKSICHAL,KEITHHALL,320.070155775,,,
KEITHHALL,KNIGHTAUD,294.250830818,,,
KRIEBELHA,KNIGHTAUD,321.008529565,,,
LUKSICHAL,KNIGHTAUD,97.689269308,,,
KNIGHTAUD,KRIEBELHA,321.008529565,,,
KNIGHTAUD,LUKSICHAL,97.689269308,,,
KRIEBELHA,LUKSICHAL,304.039690708,,,
TRIMDININ,LUKSICHAL,403.360153512,,,
PARKING-N,LUKSICHAL,453.001678366,,,
FORESTHAL-A,MUSTARDHA,609.538571745,,,
KNIGHTAUD,MUSTARDHA,261.619341461,,,
KRIEBELHA,MUSTARDHA,265.331216095,,,
GERBERHAL,MUSTARDHA,411.810627916,,,
TRIMDININ,MUSTARDHA,233.687068796,,,
KNIGHTAUD,MALLOYHAL,244.400146971,,,
KRIEBELHA,MALLOYHAL,334.617212787,,,
FORESTHAL,MALLOYHAL,648.038761578,,,
GERBERHAL,MALLOYHAL,468.830479806,,,
MUSTARDHA,MALLOYHAL,81.431184776,,,
PARKING-N,MALLOYHAL,543.588855966,,,
KEITHHALL,WOODLANDH-1,492.893618535,,,
KEITHHALL,WESTGATEH,78.831671075,,,
KEITHHALL,WOODLANDH-3,551.586439739,,,
KEITHHALL,WOODLANDH-2,524.464206645,,,
KEITHHALL,PARKING-T,521.163154623,,,
KEITHHALL,WOODLANDH-4,531.554351083,,,
KEITHHALL,PARKING-E,464.215530378,,,
KEITHHALL,PARKING-C,234.962020470,,,
KEITHHALL,PARKING-N,141.806708164,,,
KEITHHALL,PARKING-K,226.997699978,,,
KEITHHALL,PARKING-H,143.023871189,,,
KEITHHALL,PARKING-F,319.634275534,,,
KEITHHALL,PARKING-S,389.750757134,,,
KEITHHALL,PARKING-P,607.893720005,,,
KEITHHALL,PARKING-Y,358.113492633,,,
KEITHHALL,PARKING-W,598.334544419,,,
KEITHHALL,TENNISCOU,589.073842563,,,
KEITHHALL,SOCCERFIE,835.939136946,,,
PARKING-H,MALLOYHAL,532.358875461,,,
KNIGHTAUD,MCCULLOUGH,162.604141067,,,
KRIEBELHA,MCCULLOUGH,353.002509578,,,
MUSTARDHA,MCCULLOUGH,156.912467288,,,
TRIMDININ,MCCULLOUGH,387.737943120,,,
CANFIELDH,PARKMANOR-S,139.599777842,,,
KNIGHTAUD,PARKMANOR-S,288.121263661,,,
KRIEBELHA,PARKMANOR-S,507.078449937,,,
FORESTHAL,PARKMANOR-S,219.595092265,,,
GERBERHAL,PARKMANOR-S,451.161572390,,,
LUKSICHAL,PARKMANOR-S,385.645511828,,,
MUSTARDHA,PARKMANOR-S,545.410330603,,,
KNIGHTAUD,PARKMANOR-C,258.836017676,,,
KRIEBELHA,PARKMANOR-C,464.021640963,,,
KNIGHTAUD,TENNISCOU,560.179357551,,,
GERBERHAL,PARKMANOR-C,408.283240864,,,
MUSTARDHA,PARKMANOR-C,511.579672454,,,
PARKING-N,PARKMANOR-C,392.259436679,,,
PARKING-H,PARKMANOR-C,458.083766748,,,
CANFIELDH,PARKMANOR-N,73.139853724,,,
KNIGHTAUD,PARKMANOR-N,222.042735163,,,
KRIEBELHA,PARKMANOR-N,420.236225413,,,
KNIGHTAUD,POSTOFFIC,171.178298127,,,
KNIGHTAUD,CAMPUSCEN,366.562799415,,,
KRIEBELHA,POSTOFFIC,292.258200239,,,
KNIGHTAUD,TOMASSOHA,390.865016318,,,
KNIGHTAUD,SULLIVANB,96.422726710,,,
KNIGHTAUD,JABBER,236.737638602,,,
KNIGHTAUD,TRIMDININ,486.560865167,,,
KNIGHTAUD,WESTGATEH,344.491078950,,,
KEITHHALL,RECREATION,390.490467361,,,
KNIGHTAUD,WOODLANDH-2,597.113663680,,,
KNIGHTAUD,WOODLANDH-1,575.433521819,,,
KNIGHTAUD,WOODLANDH-4,585.064288188,,,
KNIGHTAUD,PARKING-C,281.207957550,,,
KNIGHTAUD,PARKING-E,419.631411322,,,
KNIGHTAUD,PARKING-N,410.651568634,,,
KNIGHTAUD,PARKING-F,378.672661431,,,
KNIGHTAUD,PARKING-H,436.142567274,,,
KNIGHTAUD,PARKING-S,123.575243423,,,
KNIGHTAUD,PARKING-W,644.298908530,,,
KNIGHTAUD,SOCCERFIE,713.070260691,,,
KRIEBELHA,CAMPUSCEN,198.719196454,,,
KRIEBELHA,TOMASSOHA,481.767552464,,,
KRIEBELHA,TRIMDININ,332.615889655,,,
KNIGHTAUD,RECREATION,409.677933721,,,
KRIEBELHA,WESTGATEH,206.850014961,,,
HORNCOMPU,KUROMAKUH,383.427434691,,,
PARKMANOR-S,KUROMAKUH,625.764885445,,,
PARKMANOR-C,KUROMAKUH,591.319393160,,,
HORNCOMPU,KUROMAKUE,288.181154213,,,
PARKMANOR-S,KUROMAKUE,566.462683552,,,
PARKMANOR-C,KUROMAKUE,528.774489778,,,
HORNCOMPU,KUROMAKUS,201.991612978,,,
MCCULLOUGH,KUROMAKUS,306.476952873,,,
PARKMANOR-S,KUROMAKUS,574.328426504,,,
PARKMANOR-C,KUROMAKUS,533.495027525,,,
HORNCOMPU,BRYANTHAL,462.668877282,,,
MCCULLOUGH,BRYANTHAL,439.761471729,,,
PARKMANOR-C,BRYANTHAL,68.796002375,,,
HORNCOMPU,CANFIELDH,418.738892038,,,
MCCULLOUGH,CANFIELDH,413.611718816,,,
PARKMANOR-C,CANFIELDH,98.591459460,,,
HORNCOMPU,CENTRALSE,445.921528525,,,
MCCULLOUGH,CENTRALSE,167.757416824,,,
PARKMANOR-C,CENTRALSE,569.386817932,,,
HORNCOMPU,COLEMANHA,377.024554265,,,
MCCULLOUGH,COLEMANHA,382.331197232,,,
PARKMANOR-C,COLEMANHA,132.364278867,,,
HORNCOMPU,FORESTHAL,500.832820182,,,
MCCULLOUGH,FORESTHAL,580.079059308,,,
PARKMANOR-C,FORESTHAL,205.764605987,,,
HORNCOMPU,FORESTHAL-A,497.532205466,,,
PARKMANOR-C,FORESTHAL-A,167.623697986,,,
HORNCOMPU,GERBERHAL,128.427550193,,,
PARKMANOR-C,GERBERHAL,408.283240864,,,
HORNCOMPU,HOLLISTER,119.586281319,,,
PARKMANOR-C,HOLLISTER,500.251966337,,,
PARKMANOR-C,HORNLIBRA,443.034940451,,,
PARKMANOR-C,HORNCOMPU,507.704595328,,,
PARKMANOR-C,KEITHHALL,359.334613062,,,
PARKMANOR-C,KNIGHTAUD,258.836017676,,,
PARKMANOR-C,KRIEBELHA,464.021640963,,,
PARKMANOR-C,LUKSICHAL,356.432546847,,,
PARKMANOR-C,MUSTARDHA,511.579672454,,,
PARKMANOR-C,MALLOYHAL,503.054065138,,,
PARKMANOR-S,MCCULLOUGH,444.464879529,,,
PARKMANOR-C,MCCULLOUGH,418.820193232,,,
PARKMANOR-C,PARKMANOR-S,43.611890930,,,
PARKMANOR-S,PARKMANOR-C,43.611890930,,,
PARKMANOR-S,PARKMANOR-N,86.868085325,,,
PARKMANOR-C,PARKMANOR-N,44.572927960,,,
FORESTHAL,PARKMANOR-N,215.790251526,,,
GERBERHAL,PARKMANOR-N,370.742724265,,,
LUKSICHAL,PARKMANOR-N,318.905660638,,,
MUSTARDHA,PARKMANOR-N,470.183629815,,,
TRIMDININ,PARKMANOR-N,676.544791207,,,
FORESTHAL-A,POSTOFFIC,543.069345844,,,
PARKMANOR-S,POSTOFFIC,459.181463179,,,
PARKMANOR-C,POSTOFFIC,428.607369981,,,
MUSTARDHA,POSTOFFIC,100.237217402,,,
PARKMANOR-S,CAMPUSCEN,625.411044777,,,
PARKMANOR-C,CAMPUSCEN,586.191651417,,,
MUSTARDHA,CAMPUSCEN,151.202546174,,,
HOLLISTER,SULLIVANB,545.896802097,,,
FORESTHAL-A,SULLIVANB,469.046863211,,,
KRIEBELHA,SULLIVANB,389.180025290,,,
PARKMANOR-S,SULLIVANB,344.356526368,,,
PARKMANOR-C,SULLIVANB,323.919915984,,,
MUSTARDHA,SULLIVANB,256.322906674,,,
JABBER,SULLIVANB,332.335718879,,,
HORNLIBRA,RECREATION,348.609901653,,,
HORNLIBRA,JABBER,180.387164659,,,
PARKMANOR-S,WOODLANDH-1,831.003854875,,,
HORNLIBRA,WESTGATEH,133.277213380,,,
PARKMANOR-S,WOODLANDH-3,877.756477067,,,
WOODLANDH-2,SULLIVANB,609.500319183,,,
PARKING-C,SULLIVANB,372.188021423,,,
CANFIELDH,TOMASSOHA,639.854803579,,,
PARKMANOR-S,TOMASSOHA,671.554160212,,,
PARKMANOR-C,TOMASSOHA,647.145035411,,,
COLEMANHA,TOMASSOHA,606.066602432,,,
MUSTARDHA,TOMASSOHA,216.769011288,,,
HORNLIBRA,TRIMDININ,415.562931006,,,
PARKMANOR-S,TRIMDININ,758.088585604,,,
PARKMANOR-S,JABBER,306.459958137,,,
PARKMANOR-C,JABBER,262.888471678,,,
MCCULLOUGH,PARKING-E,297.627837954,,,
MCCULLOUGH,PARKING-C,437.864518792,,,
MCCULLOUGH,PARKING-N,522.594300390,,,
MCCULLOUGH,PARKING-K,236.498742277,,,
MCCULLOUGH,PARKING-H,526.453041236,,,
MCCULLOUGH,PARKING-F,538.519624190,,,
MCCULLOUGH,PARKING-S,64.979015000,,,
MCCULLOUGH,PARKING-P,286.820753837,,,
MCCULLOUGH,PARKING-Y,470.871480570,,,
MCCULLOUGH,PARKING-W,540.814573747,,,
MCCULLOUGH,TENNISCOU,430.381297727,,,
MCCULLOUGH,SOCCERFIE,552.542724157,,,
PARKMANOR-S,RECREATION,678.463055704,,,
PARKMANOR-S,WESTGATEH,394.549065707,,,
PARKMANOR-C,WESTGATEH,352.314097861,,,
PARKMANOR-C,WOODLANDH-1,790.745797633,,,
HORNLIBRA,WOODLANDH-2,460.498013371,,,
PARKMANOR-S,WOODLANDH-2,856.976092320,,,
PARKMANOR-C,WOODLANDH-3,838.418426268,,,
PARKMANOR-S,WOODLANDH-4,850.923250017,,,
PARKMANOR-C,WOODLANDH-4,811.928231531,,,
MCCULLOUGH,PARKING-T,448.721245208,,,
PARKMANOR-S,PARKING-T,823.100344439,,,
PARKMANOR-S,PARKING-C,192.092795859,,,
PARKMANOR-C,PARKING-C,153.217549701,,,
PARKMANOR-S,PARKING-E,703.038549190,,,
PARKMANOR-S,PARKING-K,250.222360478,,,
PARKMANOR-S,PARKING-N,432.522085062,,,
PARKMANOR-S,PARKING-F,206.050865953,,,
PARKMANOR-S,PARKING-H,499.895900831,,,
PARKMANOR-S,PARKING-P,730.355117379,,,
PARKMANOR-S,PARKING-S,389.869877890,,,
PARKMANOR-S,PARKING-Y,79.116911823,,,
PARKMANOR-S,SOCCERFIE,996.803352254,,,
PARKMANOR-S,TENNISCOU,844.288525783,,,
MUSTARDHA,KUROMAKUH,81.093483778,,,
MALLOYHAL,KUROMAKUH,134.619231913,,,
MCCULLOUGH,KUROMAKUH,228.123133716,,,
MUSTARDHA,KUROMAKUE,85.762972014,,,
MALLOYHAL,KUROMAKUE,167.108279149,,,
MCCULLOUGH,KUROMAKUE,231.356233157,,,
MUSTARDHA,KUROMAKUS,176.302856527,,,
MALLOYHAL,KUROMAKUS,256.265320049,,,
MUSTARDHA,BRYANTHAL,513.291721105,,,
MALLOYHAL,BRYANTHAL,515.663959673,,,
MUSTARDHA,CANFIELDH,477.476276360,,,
MALLOYHAL,CANFIELDH,484.610020546,,,
MUSTARDHA,CENTRALSE,87.850400278,,,
MALLOYHAL,CENTRALSE,69.249853036,,,
MUSTARDHA,COLEMANHA,437.035561881,,,
MALLOYHAL,COLEMANHA,448.332877120,,,
MUSTARDHA,FORESTHAL,634.304222946,,,
MALLOYHAL,FORESTHAL,648.038761578,,,
MUSTARDHA,FORESTHAL-A,609.538571745,,,
MALLOYHAL,FORESTHAL-A,619.753657107,,,
MCCULLOUGH,FORESTHAL-A,548.952243350,,,
MUSTARDHA,GERBERHAL,411.810627916,,,
MALLOYHAL,GERBERHAL,468.830479806,,,
MCCULLOUGH,GERBERHAL,459.174950872,,,
MUSTARDHA,HOLLISTER,467.881510675,,,
MALLOYHAL,HOLLISTER,533.368390882,,,
MCCULLOUGH,HOLLISTER,536.436149451,,,
MUSTARDHA,HORNLIBRA,346.100532882,,,
MCCULLOUGH,HORNLIBRA,414.824216565,,,
MALLOYHAL,HORNCOMPU,432.189360641,,,
MCCULLOUGH,HORNCOMPU,450.230890973,,,
MUSTARDHA,KEITHHALL,350.911744941,,,
MCCULLOUGH,KEITHHALL,386.583270790,,,
MCCULLOUGH,KNIGHTAUD,162.604141067,,,
MCCULLOUGH,KRIEBELHA,353.002509578,,,
MCCULLOUGH,LUKSICHAL,73.852886705,,,
MALLOYHAL,MUSTARDHA,81.431184776,,,
MCCULLOUGH,MUSTARDHA,156.912467287,,,
MCCULLOUGH,MALLOYHAL,99.261988398,,,
MALLOYHAL,MCCULLOUGH,99.261988398,,,
MALLOYHAL,PARKMANOR-S,532.245687813,,,
MCCULLOUGH,PARKMANOR-S,444.464879529,,,
MALLOYHAL,PARKMANOR-C,503.054065138,,,
MCCULLOUGH,PARKMANOR-C,418.820193232,,,
MALLOYHAL,PARKMANOR-N,464.976296298,,,
MCCULLOUGH,PARKMANOR-N,383.923025671,,,
MALLOYHAL,POSTOFFIC,76.686675639,,,
MCCULLOUGH,POSTOFFIC,65.953266210,,,
MALLOYHAL,CAMPUSCEN,231.499591511,,,
MCCULLOUGH,CAMPUSCEN,302.826066782,,,
MALLOYHAL,SULLIVANB,210.026644612,,,
MCCULLOUGH,SULLIVANB,111.290619593,,,
TOMASSOHA,SULLIVANB,329.265619575,,,
MALLOYHAL,TOMASSOHA,163.422671811,,,
MCCULLOUGH,TOMASSOHA,228.580687319,,,
PARKING-S,TOMASSOHA,282.318138484,,,
MUSTARDHA,PARKING-T,296.719265613,,,
MUSTARDHA,WOODLANDH-4,335.710372322,,,
MUSTARDHA,PARKING-E,158.105595328,,,
MUSTARDHA,PARKING-C,484.124036554,,,
MUSTARDHA,PARKING-N,492.370579116,,,
MUSTARDHA,PARKING-K,301.236150745,,,
MUSTARDHA,PARKING-H,471.855055395,,,
MUSTARDHA,PARKING-F,589.144897547,,,
MUSTARDHA,PARKING-S,216.887443040,,,
MUSTARDHA,PARKING-P,257.621653757,,,
MUSTARDHA,PARKING-Y,552.129006700,,,
MUSTARDHA,PARKING-W,389.736329659,,,
MUSTARDHA,TENNISCOU,299.078939417,,,
MUSTARDHA,SOCCERFIE,492.272938711,,,
HOLLISTER,TRIMDININ,510.541870381,,,
PARKMANOR-C,TRIMDININ,720.264387598,,,
MALLOYHAL,TRIMDININ,295.050568178,,,
MCCULLOUGH,TRIMDININ,387.737943120,,,
TOMASSOHA,TRIMDININ,325.273655759,,,
PARKING-S,TRIMDININ,449.876279924,,,
KRIEBELHA,JABBER,214.462671943,,,
MALLOYHAL,JABBER,401.290976695,,,
MCCULLOUGH,JABBER,362.196218733,,,
TOMASSOHA,JABBER,564.696982829,,,
CENTRALSE,JABBER,449.700452461,,,
COLEMANHA,JABBER,131.993373611,,,
MUSTARDHA,JABBER,367.560432165,,,
PARKING-C,JABBER,145.982260368,,,
PARKING-S,JABBER,349.526185051,,,
KRIEBELHA,RECREATION,263.091088904,,,
PARKMANOR-C,RECREATION,640.414691442,,,
MALLOYHAL,RECREATION,237.110322647,,,
MCCULLOUGH,RECREATION,322.596318007,,,
TOMASSOHA,RECREATION,304.506583020,,,
COLEMANHA,RECREATION,543.785441236,,,
PARKING-W,RECREATION,235.904556988,,,
FORESTHAL-A,WESTGATEH,312.595877377,,,
MALLOYHAL,WESTGATEH,477.421108449,,,
MCCULLOUGH,WESTGATEH,454.595023556,,,
MALLOYHAL,WOODLANDH-2,419.999166896,,,
MALLOYHAL,WOODLANDH-1,408.517278310,,,
MALLOYHAL,WOODLANDH-4,397.103157184,,,
MUSTARDHA,WOODLANDH-3,365.918915823,,,
MALLOYHAL,PARKING-C,500.414739286,,,
MALLOYHAL,PARKING-T,353.783764061,,,
MALLOYHAL,PARKING-K,303.974399796,,,
MALLOYHAL,PARKING-E,199.615780114,,,
MALLOYHAL,PARKING-H,532.358875461,,,
MALLOYHAL,PARKING-N,543.588855966,,,
MALLOYHAL,PARKING-P,215.426730186,,,
MALLOYHAL,PARKING-W,444.849505299,,,
MALLOYHAL,PARKING-Y,550.586719232,,,
MALLOYHAL,SOCCERFIE,472.417167611,,,
TOMASSOHA,WESTGATEH,639.083814888,,,
COLEMANHA,WESTGATEH,221.349084936,,,
TRIMDININ,WESTGATEH,538.856628727,,,
PARKING-T,WESTGATEH,594.167944217,,,
PARKING-C,WESTGATEH,208.301565807,,,
PARKING-S,WESTGATEH,450.785164166,,,
HOLLISTER,WOODLANDH-1,499.070731331,,,
MCCULLOUGH,WOODLANDH-1,496.081592319,,,
MCCULLOUGH,WOODLANDH-2,510.523541372,,,
MALLOYHAL,WOODLANDH-3,427.734356225,,,
MCCULLOUGH,WOODLANDH-3,520.633268706,,,
MCCULLOUGH,WOODLANDH-4,490.157380677,,,
SULLIVANB,KUROMAKUH,333.421320033,,,
TOMASSOHA,KUROMAKUH,205.962083551,,,
TRIMDININ,KUROMAKUH,160.527300502,,,
SULLIVANB,KUROMAKUE,317.241312318,,,
TOMASSOHA,KUROMAKUE,290.124817221,,,
TRIMDININ,KUROMAKUE,191.627086834,,,
TOMASSOHA,KUROMAKUS,382.198849949,,,
TRIMDININ,KUROMAKUS,212.286545900,,,
SULLIVANB,BRYANTHAL,355.808029889,,,
TOMASSOHA,BRYANTHAL,667.677594963,,,
TRIMDININ,BRYANTHAL,708.726644497,,,
TOMASSOHA,CANFIELDH,639.854803579,,,
TRIMDININ,CANFIELDH,667.923179625,,,
TOMASSOHA,CENTRALSE,130.271145035,,,
TRIMDININ,CENTRALSE,241.789990983,,,
TOMASSOHA,COLEMANHA,606.066602432,,,
TRIMDININ,COLEMANHA,623.675807779,,,
TOMASSOHA,FORESTHAL,805.345230243,,,
TRIMDININ,FORESTHAL,807.578576896,,,
SULLIVANB,FORESTHAL-A,469.046863211,,,
TOMASSOHA,FORESTHAL-A,775.417735825,,,
TRIMDININ,FORESTHAL-A,789.666804824,,,
SULLIVANB,GERBERHAL,458.030821249,,,
TOMASSOHA,GERBERHAL,626.773420222,,,
TRIMDININ,GERBERHAL,496.852643315,,,
SULLIVANB,HOLLISTER,545.896802097,,,
TOMASSOHA,HOLLISTER,684.628167067,,,
SULLIVANB,HORNLIBRA,432.221631321,,,
TOMASSOHA,HORNLIBRA,562.805558021,,,
SULLIVANB,HORNCOMPU,479.745695443,,,
TOMASSOHA,HORNCOMPU,576.192624224,,,
SULLIVANB,KEITHHALL,383.387912799,,,
TOMASSOHA,KEITHHALL,562.686066790,,,
SULLIVANB,KNIGHTAUD,96.422726710,,,
TOMASSOHA,KNIGHTAUD,390.865016318,,,
SULLIVANB,KRIEBELHA,389.180025290,,,
TOMASSOHA,KRIEBELHA,481.767552463,,,
SULLIVANB,LUKSICHAL,94.009623673,,,
TOMASSOHA,LUKSICHAL,296.656361792,,,
SULLIVANB,MUSTARDHA,256.322906674,,,
TOMASSOHA,MUSTARDHA,216.769011288,,,
SULLIVANB,MALLOYHAL,210.026644612,,,
TOMASSOHA,MALLOYHAL,163.422671811,,,
SULLIVANB,MCCULLOUGH,111.290619593,,,
TOMASSOHA,MCCULLOUGH,228.580687319,,,
SULLIVANB,PARKMANOR-S,344.356526368,,,
TOMASSOHA,PARKMANOR-S,671.554160212,,,
SULLIVANB,PARKMANOR-C,323.919915984,,,
TOMASSOHA,PARKMANOR-C,647.145035411,,,
SULLIVANB,PARKMANOR-N,294.451969726,,,
TOMASSOHA,PARKMANOR-N,612.496054602,,,
CAMPUSCEN,POSTOFFIC,239.177706308,,,
SULLIVANB,POSTOFFIC,156.117460510,,,
TOMASSOHA,POSTOFFIC,237.103927355,,,
SULLIVANB,CAMPUSCEN,389.347922479,,,
CAMPUSCEN,TOMASSOHA,331.707717434,,,
SULLIVANB,TOMASSOHA,329.265619575,,,
CAMPUSCEN,WESTGATEH,401.879852059,,,
SULLIVANB,WESTGATEH,438.403238591,,,
KRIEBELHA,WOODLANDH-1,357.024540857,,,
TOMASSOHA,WOODLANDH-1,446.033423651,,,
CAMPUSCEN,WOODLANDH-2,232.443807563,,,
SULLIVANB,WOODLANDH-2,609.500319183,,,
CAMPUSCEN,WOODLANDH-4,225.795917385,,,
CAMPUSCEN,WOODLANDH-3,252.348260676,,,
CAMPUSCEN,PARKING-C,519.650643404,,,
CAMPUSCEN,PARKING-T,202.939067696,,,
CAMPUSCEN,PARKING-K,375.874255697,,,
CAMPUSCEN,PARKING-E,153.648013861,,,
CAMPUSCEN,PARKING-F,620.775367640,,,
CAMPUSCEN,PARKING-N,453.751538681,,,
SULLIVANB,PARKING-P,388.280326737,,,
CAMPUSCEN,PARKING-H,409.858134951,,,
SULLIVANB,PARKING-W,645.642978751,,,
CAMPUSCEN,PARKING-S,356.714668278,,,
TOMASSOHA,PARKING-P,59.016762767,,,
SULLIVANB,PARKING-Y,380.981262236,,,
TOMASSOHA,PARKING-W,439.302178811,,,
SULLIVANB,TENNISCOU,540.850842631,,,
SULLIVANB,SOCCERFIE,655.164235316,,,
TOMASSOHA,CAMPUSCEN,331.707717435,,,
CAMPUSCEN,SULLIVANB,389.347922479,,,
CAMPUSCEN,TRIMDININ,141.014117805,,,
SULLIVANB,TRIMDININ,490.009411205,,,
CAMPUSCEN,JABBER,380.165450236,,,
SULLIVANB,JABBER,332.335718879,,,
CAMPUSCEN,RECREATION,64.950905974,,,
SULLIVANB,RECREATION,419.643399375,,,
CAMPUSCEN,WOODLANDH-1,209.066971011,,,
SULLIVANB,WOODLANDH-1,592.188250015,,,
COLEMANHA,WOODLANDH-1,681.989847164,,,
HORNLIBRA,WOODLANDH-1,427.854072884,,,
MUSTARDHA,WOODLANDH-1,339.235421935,,,
PARKING-C,WOODLANDH-1,710.744052630,,,
PARKING-W,WOODLANDH-1,116.048162075,,,
KRIEBELHA,WOODLANDH-2,388.513268153,,,
PARKMANOR-C,WOODLANDH-2,817.156193294,,,
TOMASSOHA,WOODLANDH-2,445.174059241,,,
MUSTARDHA,WOODLANDH-2,354.410995596,,,
TRIMDININ,WOODLANDH-2,126.026602795,,,
PARKING-S,WOODLANDH-2,571.284605270,,,
PARKING-W,WOODLANDH-2,82.919130358,,,
SULLIVANB,WOODLANDH-4,591.943026417,,,
HOLLISTER,WOODLANDH-3,562.725489410,,,
SULLIVANB,PARKING-T,552.797870937,,,
SULLIVANB,PARKING-C,372.188021423,,,
SULLIVANB,PARKING-E,405.940946847,,,
TOMASSOHA,PARKING-C,659.789449670,,,
SULLIVANB,PARKING-N,505.255127488,,,
SULLIVANB,PARKING-K,180.703640178,,,
SULLIVANB,PARKING-H,526.311375444,,,
SULLIVANB,PARKING-F,465.198085835,,,
KNIGHTAUD,WOODLANDH-3,613.888779671,,,
TOMASSOHA,PARKING-E,215.920356241,,,
TOMASSOHA,PARKING-N,704.467438068,,,
TOMASSOHA,PARKING-H,688.082656512,,,
SULLIVANB,PARKING-S,47.779264104,,,
TOMASSOHA,PARKING-Y,699.412888556,,,
TOMASSOHA,SOCCERFIE,325.899435280,,,
TOMASSOHA,TENNISCOU,288.722500613,,,
POSTOFFIC,KUROMAKUH,178.725104167,,,
WOODLANDH-2,KUROMAKUH,285.415249267,,,
POSTOFFIC,KUROMAKUE,167.108163142,,,
WOODLANDH-2,KUROMAKUE,298.422929275,,,
POSTOFFIC,KUROMAKUS,240.529640270,,,
WOODLANDH-2,KUROMAKUS,286.222632772,,,
POSTOFFIC,BRYANTHAL,439.344871944,,,
WOODLANDH-2,BRYANTHAL,798.131703825,,,
POSTOFFIC,CANFIELDH,407.956060283,,,
WOODLANDH-2,CANFIELDH,755.479900123,,,
POSTOFFIC,CENTRALSE,140.784718119,,,
WOODLANDH-2,CENTRALSE,367.812789830,,,
WOODLANDH-2,COLEMANHA,710.375025865,,,
WOODLANDH-2,FORESTHAL,882.754853949,,,
WOODLANDH-2,FORESTHAL-A,868.979137815,,,
WOODLANDH-2,GERBERHAL,541.234934558,,,
WOODLANDH-2,HOLLISTER,532.565229575,,,
WOODLANDH-2,HORNLIBRA,460.498013371,,,
WOODLANDH-2,HORNCOMPU,420.299242543,,,
WOODLANDH-2,KEITHHALL,524.464206646,,,
WOODLANDH-1,KNIGHTAUD,575.433521820,,,
WOODLANDH-2,KNIGHTAUD,597.113663680,,,
WOODLANDH-1,KRIEBELHA,357.024540857,,,
WOODLANDH-2,KRIEBELHA,388.513268152,,,
WOODLANDH-1,LUKSICHAL,501.325505810,,,
WOODLANDH-2,LUKSICHAL,519.986053481,,,
WOODLANDH-1,MUSTARDHA,339.235421935,,,
WOODLANDH-2,MUSTARDHA,354.410995596,,,
POSTOFFIC,MALLOYHAL,76.686675639,,,
WOODLANDH-1,MALLOYHAL,408.517278311,,,
WOODLANDH-2,MALLOYHAL,419.999166896,,,
WOODLANDH-1,MCCULLOUGH,496.081592320,,,
WOODLANDH-2,MCCULLOUGH,510.523541372,,,
POSTOFFIC,PARKMANOR-S,459.181463179,,,
WOODLANDH-1,PARKMANOR-S,831.003854875,,,
WOODLANDH-2,PARKMANOR-S,856.976092321,,,
PARKMANOR-N,PARKMANOR-C,44.572927959,,,
POSTOFFIC,PARKMANOR-C,428.607369981,,,
WOODLANDH-1,PARKMANOR-C,790.745797633,,,
WOODLANDH-2,PARKMANOR-C,817.156193294,,,
POSTOFFIC,PARKMANOR-N,389.695443105,,,
WOODLANDH-1,PARKMANOR-N,746.255440853,,,
WOODLANDH-2,PARKMANOR-N,772.752555762,,,
PARKMANOR-N,POSTOFFIC,389.695443105,,,
WOODLANDH-1,POSTOFFIC,437.347707159,,,
WOODLANDH-2,POSTOFFIC,453.787870337,,,
PARKMANOR-N,CAMPUSCEN,541.980741680,,,
POSTOFFIC,CAMPUSCEN,239.177706308,,,
WOODLANDH-1,CAMPUSCEN,209.066971011,,,
WOODLANDH-2,CAMPUSCEN,232.443807563,,,
PARKMANOR-N,SULLIVANB,294.451969726,,,
POSTOFFIC,SULLIVANB,156.117460510,,,
WOODLANDH-1,SULLIVANB,592.188250015,,,
PARKMANOR-N,TOMASSOHA,612.496054602,,,
POSTOFFIC,TOMASSOHA,237.103927355,,,
WOODLANDH-1,TOMASSOHA,446.033423651,,,
PARKMANOR-N,TRIMDININ,676.544791207,,,
WOODLANDH-2,TOMASSOHA,445.174059241,,,
PARKMANOR-N,JABBER,222.360691258,,,
POSTOFFIC,TRIMDININ,333.906233642,,,
POSTOFFIC,WESTGATEH,412.198955388,,,
PARKMANOR-N,RECREATION,596.623623587,,,
POSTOFFIC,WOODLANDH-2,453.787870337,,,
WOODLANDH-1,TRIMDININ,121.192901910,,,
POSTOFFIC,JABBER,329.469932105,,,
WOODLANDH-1,JABBER,565.976493194,,,
POSTOFFIC,RECREATION,264.189994868,,,
WESTGATEH,RECREATION,466.823476744,,,
WOODLANDH-1,RECREATION,173.513860836,,,
WOODLANDH-1,WESTGATEH,559.838700490,,,
PARKMANOR-N,WOODLANDH-1,746.255440853,,,
POSTOFFIC,WOODLANDH-1,437.347707159,,,
WESTGATEH,WOODLANDH-1,559.838700490,,,
WESTGATEH,WOODLANDH-2,592.166961985,,,
POSTOFFIC,WOODLANDH-3,465.965754901,,,
WOODLANDH-1,WOODLANDH-2,33.498883165,,,
POSTOFFIC,PARKING-T,396.896666843,,,
POSTOFFIC,WOODLANDH-4,435.831321812,,,
POSTOFFIC,PARKING-E,253.505484958,,,
POSTOFFIC,PARKING-C,424.041664548,,,
WESTGATEH,PARKING-N,68.058320472,,,
POSTOFFIC,PARKING-K,227.335139553,,,
TOMASSOHA,WOODLANDH-3,441.463804514,,,
SULLIVANB,WOODLANDH-3,622.054003223,,,
WESTGATEH,WOODLANDH-3,620.212689297,,,
WOODLANDH-1,WOODLANDH-3,63.919856808,,,
COLEMANHA,WOODLANDH-3,733.795474286,,,
HORNLIBRA,WOODLANDH-3,489.028578338,,,
PARKING-C,WOODLANDH-3,764.979167830,,,
PARKING-S,WOODLANDH-3,582.522679512,,,
WESTGATEH,WOODLANDH-4,601.728515167,,,
PARKING-W,WOODLANDH-3,52.275418348,,,
WESTGATEH,PARKING-C,208.301565807,,,
WESTGATEH,PARKING-T,594.167944216,,,
WESTGATEH,PARKING-K,267.305407516,,,
WESTGATEH,PARKING-E,542.622019987,,,
WESTGATEH,PARKING-F,273.065437990,,,
WOODLANDH-1,PARKING-N,596.792037758,,,
WESTGATEH,PARKING-P,685.319267717,,,
WESTGATEH,PARKING-H,106.677989281,,,
WOODLANDH-1,PARKING-W,116.048162075,,,
WESTGATEH,PARKING-S,450.785164166,,,
WOODLANDH-1,SOCCERFIE,513.014392295,,,
KUROMAKUS,WOODLANDH-4,286.591983508,,,
BRYANTHAL,WOODLANDH-4,795.967915479,,,
WOODLANDH-1,WOODLANDH-4,60.673121539,,,
WOODLANDH-1,PARKING-C,710.744052630,,,
WOODLANDH-1,PARKING-K,582.942292853,,,
WOODLANDH-1,PARKING-F,807.042773569,,,
WOODLANDH-1,PARKING-H,533.086355561,,,
WOODLANDH-1,PARKING-P,440.671823930,,,
WOODLANDH-1,PARKING-S,555.454951172,,,
WESTGATEH,PARKING-Y,337.230230886,,,
WOODLANDH-1,TENNISCOU,214.786096194,,,
JABBER,KUROMAKUH,432.317884262,,,
RECREATION,KUROMAKUH,107.486030575,,,
WESTGATEH,KUROMAKUH,480.894424278,,,
WOODLANDH-1,KUROMAKUH,274.799515906,,,
RECREATION,KUROMAKUE,112.284693317,,,
WESTGATEH,KUROMAKUE,384.812873174,,,
WOODLANDH-1,KUROMAKUE,277.673704754,,,
JABBER,KUROMAKUS,312.320383676,,,
WESTGATEH,KUROMAKUS,327.419166740,,,
WOODLANDH-1,KUROMAKUS,258.101374595,,,
WESTGATEH,BRYANTHAL,295.947934343,,,
WOODLANDH-1,BRYANTHAL,770.103690626,,,
WESTGATEH,CANFIELDH,255.237656003,,,
WOODLANDH-1,CANFIELDH,727.167676756,,,
WESTGATEH,CENTRALSE,515.736684001,,,
WOODLANDH-1,CENTRALSE,360.270903980,,,
WESTGATEH,COLEMANHA,221.349084937,,,
WOODLANDH-1,COLEMANHA,681.989847164,,,
WESTGATEH,FORESTHAL,313.290314934,,,
WOODLANDH-1,FORESTHAL,852.273327280,,,
WESTGATEH,FORESTHAL-A,312.595877377,,,
WOODLANDH-1,FORESTHAL-A,839.100769325,,,
WESTGATEH,GERBERHAL,62.568631716,,,
WOODLANDH-1,GERBERHAL,508.401509481,,,
WESTGATEH,HOLLISTER,148.074941459,,,
WOODLANDH-1,HOLLISTER,499.070731330,,,
WESTGATEH,HORNLIBRA,133.277213381,,,
WOODLANDH-1,HORNLIBRA,427.854072884,,,
RECREATION,HORNCOMPU,332.595660524,,,
WESTGATEH,HORNCOMPU,188.401916126,,,
WOODLANDH-1,HORNCOMPU,386.992357250,,,
RECREATION,KEITHHALL,390.490467361,,,
WESTGATEH,KEITHHALL,78.831671075,,,
WOODLANDH-1,KEITHHALL,492.893618535,,,
RECREATION,KNIGHTAUD,409.677933721,,,
WESTGATEH,KNIGHTAUD,344.491078950,,,
RECREATION,KRIEBELHA,263.091088904,,,
WESTGATEH,KRIEBELHA,206.850014961,,,
RECREATION,LUKSICHAL,330.154327431,,,
WESTGATEH,LUKSICHAL,384.949087870,,,
RECREATION,MUSTARDHA,165.723761519,,,
WESTGATEH,MUSTARDHA,428.902887286,,,
RECREATION,MALLOYHAL,237.110322647,,,
WESTGATEH,MALLOYHAL,477.421108449,,,
RECREATION,MCCULLOUGH,322.596318006,,,
WESTGATEH,MCCULLOUGH,454.595023556,,,
RECREATION,PARKMANOR-S,678.463055704,,,
WESTGATEH,PARKMANOR-S,394.549065707,,,
RECREATION,PARKMANOR-C,640.414691442,,,
WESTGATEH,PARKMANOR-C,352.314097861,,,
RECREATION,PARKMANOR-N,596.623623587,,,
WESTGATEH,PARKMANOR-N,316.896483283,,,
RECREATION,POSTOFFIC,264.189994867,,,
WESTGATEH,POSTOFFIC,412.198955388,,,
RECREATION,CAMPUSCEN,64.950905974,,,
WESTGATEH,CAMPUSCEN,401.879852059,,,
RECREATION,SULLIVANB,419.643399375,,,
WESTGATEH,SULLIVANB,438.403238592,,,
RECREATION,TOMASSOHA,304.506583020,,,
JABBER,WOODLANDH-3,621.325683227,,,
RECREATION,JABBER,443.173519641,,,
RECREATION,WOODLANDH-3,204.451691624,,,
KRIEBELHA,WOODLANDH-4,395.931760912,,,
JABBER,PARKING-T,582.198548234,,,
TOMASSOHA,WOODLANDH-4,412.806547510,,,
JABBER,PARKING-C,145.982260368,,,
RECREATION,PARKING-T,144.716280317,,,
JABBER,PARKING-K,156.674229725,,,
JABBER,PARKING-E,502.395867652,,,
JABBER,PARKING-F,241.691568873,,,
JABBER,PARKING-N,174.946156295,,,
JABBER,PARKING-P,615.498816041,,,
JABBER,PARKING-H,214.224523969,,,
JABBER,PARKING-W,665.162956039,,,
JABBER,PARKING-S,349.526185051,,,
JABBER,SOCCERFIE,859.833296952,,,
JABBER,PARKING-Y,263.676558836,,,
JABBER,TENNISCOU,636.156770589,,,
WESTGATEH,TOMASSOHA,639.083814888,,,
JABBER,TRIMDININ,521.179170585,,,
RECREATION,TENNISCOU,199.403370488,,,
RECREATION,SOCCERFIE,473.646567239,,,
RECREATION,TRIMDININ,80.077992077,,,
WESTGATEH,TRIMDININ,538.856628727,,,
WESTGATEH,JABBER,111.715769450,,,
JABBER,RECREATION,443.173519641,,,
JABBER,WESTGATEH,111.715769450,,,
RECREATION,WESTGATEH,466.823476744,,,
JABBER,WOODLANDH-1,565.976493194,,,
RECREATION,WOODLANDH-1,173.513860836,,,
JABBER,WOODLANDH-2,596.016462719,,,
RECREATION,WOODLANDH-2,189.938465811,,,
JABBER,WOODLANDH-4,598.696794013,,,
RECREATION,WOODLANDH-4,175.390381620,,,
HORNLIBRA,WOODLANDH-4,471.763481180,,,
TRIMDININ,WOODLANDH-4,102.421196851,,,
PARKING-T,WOODLANDH-4,49.150586292,,,
PARKING-C,WOODLANDH-4,741.512983491,,,
PARKING-W,WOODLANDH-4,66.790722421,,,
HOLLISTER,PARKING-T,554.976849927,,,
KNIGHTAUD,PARKING-T,551.483380890,,,
PARKMANOR-C,PARKING-T,785.129999943,,,
HORNLIBRA,PARKING-T,467.469841598,,,
CANFIELDH,PARKING-C,56.429605531,,,
RECREATION,PARKING-E,101.537342521,,,
RECREATION,PARKING-C,580.846085918,,,
RECREATION,PARKING-N,518.298018658,,,
RECREATION,PARKING-K,428.240700520,,,
RECREATION,PARKING-H,472.635918815,,,
RECREATION,PARKING-F,682.878583868,,,
RECREATION,PARKING-S,382.101519657,,,
RECREATION,PARKING-W,235.904556989,,,
RECREATION,PARKING-Y,671.239470548,,,
WESTGATEH,SOCCERFIE,914.769435842,,,
TOMASSOHA,PARKING-T,363.748019538,,,
WOODLANDH-1,PARKING-T,96.689572376,,,
KRIEBELHA,PARKING-C,360.392205810,,,
LUKSICHAL,PARKING-C,365.125979957,,,
TRIMDININ,PARKING-C,660.113605517,,,
PARKING-E,KUROMAKUH,77.277299772,,,
PARKING-K,KUROMAKUH,379.837126715,,,
PARKING-E,KUROMAKUE,159.255260521,,,
PARKING-K,KUROMAKUE,316.278454850,,,
PARKING-E,KUROMAKUS,225.368126073,,,
PARKING-K,KUROMAKUS,328.998106315,,,
PARKING-C,BRYANTHAL,89.408640730,,,
PARKING-E,BRYANTHAL,666.850204544,,,
PARKING-K,BRYANTHAL,213.016848112,,,
PARKING-C,CANFIELDH,56.429605532,,,
PARKING-E,CANFIELDH,629.224734834,,,
PARKING-K,CANFIELDH,180.640934013,,,
PARKING-C,CENTRALSE,558.336720710,,,
PARKING-E,CENTRALSE,137.973502207,,,
PARKING-C,COLEMANHA,57.623284380,,,
PARKING-E,COLEMANHA,587.136891445,,,
PARKING-C,FORESTHAL,150.355583960,,,
PARKING-E,FORESTHAL,780.731771341,,,
PARKING-C,FORESTHAL-A,129.561724713,,,
PARKING-E,FORESTHAL-A,758.419126142,,,
PARKING-C,GERBERHAL,268.592205177,,,
PARKING-E,GERBERHAL,511.252758649,,,
PARKING-C,HOLLISTER,355.503026654,,,
PARKING-E,HOLLISTER,544.299544214,,,
PARKING-C,HORNLIBRA,318.449636333,,,
PARKING-E,HORNLIBRA,434.063780870,,,
PARKING-C,HORNCOMPU,382.082183272,,,
PARKING-C,KEITHHALL,234.962020470,,,
PARKING-E,KEITHHALL,464.215530378,,,
PARKING-C,KNIGHTAUD,281.207957550,,,
PARKING-C,KRIEBELHA,360.392205810,,,
PARKING-C,LUKSICHAL,365.125979957,,,
PARKING-C,MUSTARDHA,484.124036554,,,
PARKING-T,MALLOYHAL,353.783764061,,,
PARKING-C,MALLOYHAL,500.414739286,,,
PARKING-T,MCCULLOUGH,448.721245208,,,
PARKING-C,MCCULLOUGH,437.864518792,,,
PARKING-T,PARKMANOR-S,823.100344439,,,
PARKING-C,PARKMANOR-S,192.092795859,,,
PARKING-E,PARKMANOR-S,703.038549190,,,
PARKING-T,PARKMANOR-C,785.129999944,,,
PARKING-C,PARKMANOR-C,153.217549701,,,
PARKING-E,PARKMANOR-C,668.496103484,,,
PARKING-T,PARKMANOR-N,741.334770267,,,
PARKING-C,PARKMANOR-N,129.351945537,,,
PARKING-E,PARKMANOR-N,626.498480303,,,
PARKING-T,POSTOFFIC,396.896666843,,,
PARKING-C,POSTOFFIC,424.041664547,,,
PARKING-E,POSTOFFIC,253.505484958,,,
PARKING-T,CAMPUSCEN,202.939067696,,,
PARKING-C,CAMPUSCEN,519.650643404,,,
PARKING-E,CAMPUSCEN,153.648013861,,,
PARKING-T,SULLIVANB,552.797870936,,,
PARKING-E,SULLIVANB,405.940946847,,,
PARKING-T,TOMASSOHA,363.748019538,,,
PARKING-E,TOMASSOHA,215.920356241,,,
PARKING-T,TRIMDININ,65.154427026,,,
PARKING-E,TRIMDININ,110.235888495,,,
PARKING-T,JABBER,582.198548234,,,
PARKING-E,JABBER,502.395867652,,,
PARKING-T,RECREATION,144.716280317,,,
PARKING-E,RECREATION,101.537342521,,,
PARKING-E,WESTGATEH,542.622019987,,,
WOODLANDH-4,PARKING-E,205.523372126,,,
PARKING-C,PARKING-E,630.544870435,,,
WOODLANDH-4,PARKING-K,601.011276326,,,
TRIMDININ,PARKING-E,110.235888495,,,
WOODLANDH-4,PARKING-F,840.388067520,,,
WOODLANDH-4,PARKING-N,642.582928322,,,
WOODLANDH-4,PARKING-P,400.797234929,,,
WOODLANDH-4,PARKING-H,582.278196168,,,
PARKING-C,PARKING-W,807.621263697,,,
WOODLANDH-4,PARKING-S,552.184294760,,,
PARKING-E,WOODLANDH-1,231.428334998,,,
PARKING-E,WOODLANDH-2,234.199959975,,,
WOODLANDH-4,WOODLANDH-3,30.643626322,,,
PARKING-E,WOODLANDH-3,235.795621930,,,
PARKING-E,WOODLANDH-4,205.523372126,,,
WOODLANDH-4,PARKING-T,49.150586292,,,
PARKING-C,PARKING-T,722.560188800,,,
PARKING-E,PARKING-T,158.618396651,,,
WOODLANDH-4,PARKING-C,741.512983491,,,
PARKING-E,PARKING-C,630.544870435,,,
PARKING-S,PARKING-C,404.748834264,,,
PARKING-W,PARKING-C,807.621263697,,,
PARKING-C,PARKING-K,201.375493295,,,
PARKING-K,PARKING-E,456.760646996,,,
PARKING-C,PARKING-F,105.022059390,,,
PARKING-C,PARKING-N,240.725129101,,,
PARKING-C,PARKING-P,714.966411314,,,
PARKING-C,PARKING-H,310.857430905,,,
PARKING-E,PARKING-W,246.737114524,,,
PARKING-C,PARKING-S,404.748834264,,,
PARKING-C,SOCCERFIE,971.129707989,,,
PARKING-C,PARKING-Y,128.986544236,,,
WOODLANDH-4,TENNISCOU,159.649479470,,,
CANFIELDH,PARKING-E,629.224734834,,,
WOODLANDH-1,PARKING-E,231.428334998,,,
HOLLISTER,PARKING-K,392.438922336,,,
KRIEBELHA,PARKING-K,284.000008741,,,
KNIGHTAUD,PARKING-K,84.546355063,,,
TOMASSOHA,PARKING-K,460.135235411,,,
PARKING-E,PARKING-K,456.760646996,,,
LUKSICHAL,PARKING-K,164.094823910,,,
TRIMDININ,PARKING-K,507.893190125,,,
KRIEBELHA,PARKING-N,255.242804808,,,
PARKING-E,PARKING-N,599.131216244,,,
TRIMDININ,PARKING-N,586.971060974,,,
PARKING-T,PARKING-N,639.186680725,,,
PARKING-K,PARKING-N,331.620201071,,,
CANFIELDH,PARKING-F,127.878512083,,,
HOLLISTER,PARKING-F,409.663128327,,,
MALLOYHAL,PARKING-F,604.368146574,,,
TOMASSOHA,PARKING-F,762.626143416,,,
PARKING-E,PARKING-F,734.989609693,,,
TRIMDININ,PARKING-F,761.647005593,,,
PARKING-E,PARKING-H,560.783593218,,,
PARKING-E,PARKING-S,362.134240235,,,
PARKING-E,PARKING-Y,706.932650767,,,
PARKING-E,SOCCERFIE,378.979331553,,,
PARKING-C,TENNISCOU,768.341291955,,,
WOODLANDH-4,KUROMAKUH,262.772028980,,,
PARKING-S,KUROMAKUH,291.359284998,,,
WOODLANDH-4,KUROMAKUE,287.002401163,,,
PARKING-S,KUROMAKUE,284.416658955,,,
WOODLANDH-4,KUROMAKUS,286.591983508,,,
PARKING-S,KUROMAKUS,350.704989106,,,
WOODLANDH-4,BRYANTHAL,795.967915479,,,
PARKING-S,BRYANTHAL,395.547187746,,,
WOODLANDH-4,CANFIELDH,753.963497293,,,
PARKING-S,CANFIELDH,373.985958428,,,
WOODLANDH-4,CENTRALSE,341.702239052,,,
PARKING-S,CENTRALSE,232.602292340,,,
WOODLANDH-4,COLEMANHA,709.095081157,,,
PARKING-S,COLEMANHA,347.601144715,,,
WOODLANDH-4,FORESTHAL,886.027655171,,,
PARKING-S,FORESTHAL,540.680047778,,,
WOODLANDH-4,FORESTHAL-A,870.753489198,,,
PARKING-T,FORESTHAL-A,852.110576844,,,
PARKING-S,FORESTHAL-A,507.619182216,,,
WOODLANDH-4,GERBERHAL,553.165506839,,,
PARKING-P,GERBERHAL,669.397565380,,,
PARKING-S,GERBERHAL,464.165494735,,,
WOODLANDH-4,HOLLISTER,550.489518485,,,
PARKING-T,HOLLISTER,554.976849927,,,
PARKING-P,HOLLISTER,722.254633846,,,
PARKING-S,HOLLISTER,548.045688039,,,
WOODLANDH-4,HORNLIBRA,471.763481180,,,
PARKING-T,HORNLIBRA,467.469841598,,,
PARKING-P,HORNLIBRA,602.072752812,,,
PARKING-S,HORNLIBRA,430.221254462,,,
WOODLANDH-4,HORNCOMPU,435.638796605,,,
PARKING-T,HORNCOMPU,437.375535228,,,
PARKING-P,HORNCOMPU,610.452584470,,,
PARKING-S,HORNCOMPU,472.879724740,,,
WOODLANDH-4,KEITHHALL,531.554351083,,,
PARKING-T,KEITHHALL,521.163154623,,,
PARKING-P,KEITHHALL,607.893720005,,,
PARKING-S,KEITHHALL,389.750757134,,,
WOODLANDH-4,KNIGHTAUD,585.064288188,,,
PARKING-T,KNIGHTAUD,551.483380890,,,
PARKING-P,KNIGHTAUD,448.686351627,,,
PARKING-S,KNIGHTAUD,123.575243423,,,
WOODLANDH-4,KRIEBELHA,395.931760912,,,
PARKING-T,KRIEBELHA,387.317983131,,,
PARKING-P,KRIEBELHA,518.703556699,,,
PARKING-S,KRIEBELHA,378.700536156,,,
WOODLANDH-3,LUKSICHAL,534.036435095,,,
WOODLANDH-4,LUKSICHAL,504.319111474,,,
PARKING-T,LUKSICHAL,467.332951203,,,
PARKING-P,LUKSICHAL,353.581503368,,,
PARKING-S,LUKSICHAL,74.684630790,,,
WOODLANDH-3,MUSTARDHA,365.918915823,,,
WOODLANDH-4,MUSTARDHA,335.710372323,,,
PARKING-T,MUSTARDHA,296.719265613,,,
PARKING-P,MUSTARDHA,257.621653756,,,
PARKING-S,MUSTARDHA,216.887443040,,,
WOODLANDH-3,MALLOYHAL,427.734356225,,,
WOODLANDH-4,MALLOYHAL,397.103157184,,,
PARKING-P,MALLOYHAL,215.426730186,,,
PARKING-S,MALLOYHAL,164.240785916,,,
WOODLANDH-3,MCCULLOUGH,520.633268706,,,
WOODLANDH-4,MCCULLOUGH,490.157380677,,,
WOODLANDH-3,PARKMANOR-C,838.418426268,,,
WOODLANDH-4,PARKMANOR-C,811.928231531,,,
WOODLANDH-3,POSTOFFIC,465.965754901,,,
PARKING-P,PARKMANOR-C,705.601408428,,,
WOODLANDH-3,SULLIVANB,622.054003223,,,
WOODLANDH-4,POSTOFFIC,435.831321812,,,
WOODLANDH-3,TOMASSOHA,441.463804514,,,
WOODLANDH-4,SULLIVANB,591.943026417,,,
WOODLANDH-4,JABBER,598.696794013,,,
WOODLANDH-4,RECREATION,175.390381620,,,
PARKING-P,MCCULLOUGH,286.820753837,,,
PARKING-S,MCCULLOUGH,64.979015000,,,
WOODLANDH-3,PARKMANOR-S,877.756477067,,,
WOODLANDH-4,PARKMANOR-S,850.923250017,,,
PARKING-P,PARKMANOR-S,730.355117379,,,
PARKING-S,PARKMANOR-S,389.869877890,,,
PARKING-S,PARKMANOR-C,367.620224816,,,
WOODLANDH-3,PARKMANOR-N,794.137451213,,,
WOODLANDH-4,PARKMANOR-N,767.753832216,,,
PARKING-P,PARKMANOR-N,670.557709183,,,
PARKING-S,PARKMANOR-N,336.038923469,,,
PARKING-P,POSTOFFIC,291.082274109,,,
PARKING-S,POSTOFFIC,118.312154065,,,
WOODLANDH-3,CAMPUSCEN,252.348260676,,,
WOODLANDH-4,CAMPUSCEN,225.795917385,,,
PARKING-P,CAMPUSCEN,353.775950652,,,
PARKING-S,CAMPUSCEN,356.714668278,,,
PARKING-P,SULLIVANB,388.280326737,,,
PARKING-S,SULLIVANB,47.779264104,,,
WOODLANDH-4,TOMASSOHA,412.806547511,,,
PARKING-P,TOMASSOHA,59.016762767,,,
WOODLANDH-3,TRIMDININ,132.940528131,,,
WOODLANDH-4,TRIMDININ,102.421196851,,,
WOODLANDH-4,WESTGATEH,601.728515167,,,
WOODLANDH-4,WOODLANDH-1,60.673121539,,,
WOODLANDH-4,WOODLANDH-2,37.292077895,,,
GERBERHAL,PARKING-H,68.361662064,,,
HOLLISTER,PARKING-H,48.428289254,,,
PARKING-P,PARKING-H,728.723568436,,,
HORNLIBRA,PARKING-H,127.661540434,,,
LUKSICHAL,PARKING-H,461.910699496,,,
TRIMDININ,PARKING-H,535.658985056,,,
PARKING-K,PARKING-H,364.601853292,,,
PARKING-W,PARKING-H,647.055167905,,,
CANFIELDH,PARKING-P,696.502012211,,,
KNIGHTAUD,PARKING-P,448.686351627,,,
RECREATION,PARKING-P,316.815195181,,,
PARKING-E,PARKING-P,219.377597961,,,
HORNLIBRA,PARKING-P,602.072752812,,,
CAMPUSCEN,PARKING-P,353.775950652,,,
TRIMDININ,PARKING-P,322.955354343,,,
PARKING-K,PARKING-P,516.312034267,,,
PARKING-P,PARKING-W,418.743211383,,,
PARKING-W,PARKING-P,418.743211383,,,
PARKING-P,SOCCERFIE,266.888059411,,,
PARKING-P,PARKING-Y,757.372821805,,,
PARKING-F,KUROMAKUH,661.389514598,,,
PARKING-H,KUROMAKUH,509.494292934,,,
PARKING-P,KUROMAKUH,229.787033956,,,
PARKING-H,KUROMAKUE,411.619813344,,,
PARKING-P,KUROMAKUE,322.277608547,,,
PARKING-H,KUROMAKUS,335.734400329,,,
PARKING-P,KUROMAKUS,411.723062089,,,
PARKING-H,BRYANTHAL,399.748835480,,,
PARKING-P,BRYANTHAL,725.086676478,,,
PARKING-H,CANFIELDH,360.314720329,,,
PARKING-P,CANFIELDH,696.502012211,,,
PARKING-H,CENTRALSE,559.611434668,,,
PARKING-P,CENTRALSE,169.904327652,,,
PARKING-H,COLEMANHA,327.795260201,,,
PARKING-P,COLEMANHA,661.901199696,,,
PARKING-F,FORESTHAL,45.967833271,,,
PARKING-H,FORESTHAL,397.066677527,,,
PARKING-P,FORESTHAL,861.451123311,,,
PARKING-F,FORESTHAL-A,41.754201487,,,
PARKING-H,FORESTHAL-A,402.988898473,,,
PARKING-P,FORESTHAL-A,832.037576666,,,
PARKING-F,GERBERHAL,335.593084528,,,
PARKING-H,GERBERHAL,68.361662064,,,
PARKING-F,HOLLISTER,409.663128327,,,
PARKING-H,HOLLISTER,48.428289254,,,
PARKING-F,HORNLIBRA,398.804575277,,,
PARKING-H,HORNLIBRA,127.661540434,,,
PARKING-F,HORNCOMPU,459.306499929,,,
PARKING-H,HORNCOMPU,146.650060639,,,
PARKING-F,KEITHHALL,319.634275535,,,
PARKING-H,KEITHHALL,143.023871189,,,
PARKING-F,KNIGHTAUD,378.672661431,,,
PARKING-H,KNIGHTAUD,436.142567275,,,
PARKING-F,KRIEBELHA,452.154166899,,,
PARKING-H,KRIEBELHA,214.133934479,,,
PARKING-F,LUKSICHAL,466.732692816,,,
PARKING-H,LUKSICHAL,461.910699496,,,
PARKING-F,MUSTARDHA,589.144897547,,,
PARKING-H,MUSTARDHA,471.855055395,,,
PARKING-F,MALLOYHAL,604.368146574,,,
PARKING-F,MCCULLOUGH,538.519624190,,,
PARKING-F,PARKMANOR-S,206.050865953,,,
PARKING-F,PARKMANOR-C,183.948360664,,,
PARKING-N,PARKMANOR-N,361.304737575,,,
PARKING-F,PARKMANOR-N,185.515788781,,,
PARKING-N,POSTOFFIC,479.497085702,,,
PARKING-F,POSTOFFIC,527.819548656,,,
PARKING-N,CAMPUSCEN,453.751538681,,,
PARKING-F,CAMPUSCEN,620.775367640,,,
PARKING-H,CAMPUSCEN,409.858134951,,,
PARKING-N,SULLIVANB,505.255127488,,,
PARKING-F,SULLIVANB,465.198085835,,,
PARKING-H,SULLIVANB,526.311375444,,,
PARKING-N,TOMASSOHA,704.467438068,,,
PARKING-F,TOMASSOHA,762.626143416,,,
PARKING-H,TOMASSOHA,688.082656512,,,
PARKING-N,TRIMDININ,586.971060975,,,
PARKING-F,TRIMDININ,761.647005593,,,
PARKING-H,TRIMDININ,535.658985056,,,
PARKING-N,JABBER,174.946156295,,,
PARKING-F,JABBER,241.691568873,,,
PARKING-H,JABBER,214.224523969,,,
PARKING-N,RECREATION,518.298018658,,,
PARKING-F,RECREATION,682.878583868,,,
PARKING-H,RECREATION,472.635918815,,,
PARKING-F,WOODLANDH-3,862.928071628,,,
PARKING-H,WOODLANDH-3,596.243599077,,,
PARKING-F,WOODLANDH-4,840.388067520,,,
PARKING-F,PARKING-S,501.224953902,,,
PARKING-F,PARKING-H,361.728710945,,,
PARKING-F,PARKING-W,906.841151688,,,
PARKING-H,PARKING-S,532.450931367,,,
PARKING-F,SOCCERFIE,1075.682708150,,,
PARKING-F,PARKING-Y,126.957027467,,,
PARKING-F,TENNISCOU,872.210604622,,,
PARKING-F,WESTGATEH,273.065437989,,,
PARKING-H,WESTGATEH,106.677989281,,,
PARKING-N,WOODLANDH-1,596.792037758,,,
PARKING-F,WOODLANDH-1,807.042773570,,,
PARKING-H,WOODLANDH-1,533.086355561,,,
PARKING-F,WOODLANDH-2,837.394256654,,,
PARKING-H,WOODLANDH-2,566.475265525,,,
PARKING-H,WOODLANDH-4,582.278196168,,,
PARKING-F,PARKING-T,823.339535914,,,
PARKING-H,PARKING-T,583.491398130,,,
PARKING-P,PARKING-T,351.847504228,,,
PARKING-F,PARKING-C,105.022059390,,,
PARKING-H,PARKING-C,310.857430905,,,
PARKING-F,PARKING-E,734.989609693,,,
PARKING-H,PARKING-E,560.783593218,,,
PARKING-P,PARKING-E,219.377597961,,,
PARKING-F,PARKING-K,302.671352069,,,
PARKING-H,PARKING-K,364.601853292,,,
PARKING-P,PARKING-K,516.312034267,,,
PARKING-F,PARKING-N,282.031565489,,,
PARKING-H,PARKING-N,81.587808991,,,
PARKING-P,PARKING-N,749.590528950,,,
PARKING-H,PARKING-F,361.728710946,,,
PARKING-P,PARKING-F,818.348667047,,,
PARKING-F,PARKING-P,818.348667047,,,
PARKING-H,PARKING-P,728.723568436,,,
KRIEBELHA,PARKING-S,378.700536156,,,
MALLOYHAL,PARKING-S,164.240785916,,,
TOMASSOHA,PARKING-S,282.318138483,,,
PARKING-P,PARKING-S,341.299329253,,,
HORNLIBRA,PARKING-S,430.221254462,,,
LUKSICHAL,PARKING-S,74.684630791,,,
PARKING-K,PARKING-S,206.510205545,,,
CANFIELDH,PARKING-W,819.233754964,,,
PARKMANOR-S,PARKING-W,913.984482850,,,
WESTGATEH,PARKING-W,668.315441803,,,
PARKING-H,PARKING-W,647.055167905,,,
TRIMDININ,PARKING-W,157.743415382,,,
PARKING-T,PARKING-W,93.134891684,,,
PARKING-K,PARKING-W,663.811342552,,,
KRIEBELHA,PARKING-Y,474.877807184,,,
KNIGHTAUD,PARKING-Y,308.705931657,,,
WOODLANDH-1,PARKING-Y,814.272300955,,,
PARKING-H,PARKING-Y,439.571285886,,,
HORNLIBRA,PARKING-Y,442.439999119,,,
TRIMDININ,PARKING-Y,751.316779656,,,
PARKING-H,SOCCERFIE,939.398447005,,,
PARKING-Y,KUROMAKUH,630.292538414,,,
TENNISCOU,KUROMAKUH,218.531505377,,,
PARKING-Y,KUROMAKUE,561.173619102,,,
TENNISCOU,KUROMAKUE,292.757428348,,,
PARKING-Y,KUROMAKUS,556.179351492,,,
TENNISCOU,KUROMAKUS,339.136598430,,,
PARKING-Y,BRYANTHAL,44.985002564,,,
TENNISCOU,BRYANTHAL,807.291338577,,,
TENNISCOU,CANFIELDH,769.093921133,,,
TENNISCOU,CENTRALSE,263.369550133,,,
TENNISCOU,COLEMANHA,726.497082899,,,
TENNISCOU,FORESTHAL,918.099358870,,,
TENNISCOU,FORESTHAL-A,896.929998399,,,
TENNISCOU,GERBERHAL,627.927656687,,,
TENNISCOU,HOLLISTER,646.892126059,,,
TENNISCOU,HORNLIBRA,547.529324628,,,
TENNISCOU,HORNCOMPU,527.404425614,,,
SOCCERFIE,KEITHHALL,835.939136946,,,
TENNISCOU,KEITHHALL,589.073842563,,,
SOCCERFIE,KNIGHTAUD,713.070260691,,,
TENNISCOU,KNIGHTAUD,560.179357551,,,
SOCCERFIE,KRIEBELHA,725.416561505,,,
TENNISCOU,KRIEBELHA,462.417768630,,,
SOCCERFIE,LUKSICHAL,616.482497171,,,
TENNISCOU,LUKSICHAL,466.843531164,,,
SOCCERFIE,MUSTARDHA,492.272938711,,,
TENNISCOU,MUSTARDHA,299.078939418,,,
SOCCERFIE,MALLOYHAL,472.417167611,,,
TENNISCOU,MALLOYHAL,331.121119115,,,
SOCCERFIE,MCCULLOUGH,552.542724157,,,
TENNISCOU,MCCULLOUGH,430.381297727,,,
PARKING-N,PARKMANOR-S,432.522085062,,,
SOCCERFIE,PARKMANOR-S,996.803352254,,,
TENNISCOU,PARKMANOR-S,844.288525783,,,
SOCCERFIE,PARKMANOR-C,971.162129863,,,
TENNISCOU,PARKMANOR-C,809.758011787,,,
SOCCERFIE,PARKMANOR-N,935.090072051,,,
TENNISCOU,PARKMANOR-N,767.685112534,,,
SOCCERFIE,POSTOFFIC,549.063155568,,,
TENNISCOU,POSTOFFIC,392.081909971,,,
SOCCERFIE,CAMPUSCEN,532.035563650,,,
SOCCERFIE,SULLIVANB,655.164235316,,,
TENNISCOU,SULLIVANB,540.850842631,,,
SOCCERFIE,TOMASSOHA,325.899435279,,,
SOCCERFIE,TRIMDININ,432.496885849,,,
PARKING-Y,JABBER,263.676558836,,,
SOCCERFIE,JABBER,859.833296952,,,
PARKING-Y,RECREATION,671.239470548,,,
SOCCERFIE,RECREATION,473.646567239,,,
PARKING-Y,WESTGATEH,337.230230886,,,
SOCCERFIE,WESTGATEH,914.769435842,,,
TENNISCOU,WESTGATEH,665.928437868,,,
PARKING-Y,WOODLANDH-1,814.272300955,,,
SOCCERFIE,WOODLANDH-1,513.014392295,,,
TENNISCOU,WOODLANDH-1,214.786096194,,,
PARKING-Y,WOODLANDH-2,842.092754855,,,
SOCCERFIE,WOODLANDH-2,490.972954715,,,
TENNISCOU,WOODLANDH-2,196.941044705,,,
PARKING-Y,WOODLANDH-3,864.824987180,,,
SOCCERFIE,WOODLANDH-3,468.169848155,,,
TENNISCOU,WOODLANDH-3,179.818885741,,,
PARKING-W,SOCCERFIE,430.993817821,,,
PARKING-Y,SOCCERFIE,1021.507947446,,,
PARKING-W,TENNISCOU,159.512336205,,,
PARKING-Y,WOODLANDH-4,839.449807837,,,
SOCCERFIE,WOODLANDH-4,454.534303449,,,
TENNISCOU,WOODLANDH-4,159.649479470,,,
PARKING-Y,PARKING-T,815.570905094,,,
SOCCERFIE,PARKING-T,418.391477326,,,
TENNISCOU,PARKING-T,118.564559199,,,
PARKING-Y,PARKING-N,367.495246480,,,
SOCCERFIE,PARKING-N,974.306924412,,,
TENNISCOU,PARKING-N,717.655729412,,,
PARKING-Y,PARKING-F,126.957027467,,,
PARKING-W,PARKING-S,604.167383985,,,
SOCCERFIE,PARKING-F,1075.682708151,,,
PARKING-Y,PARKING-S,423.034718192,,,
TENNISCOU,PARKING-S,495.360203330,,,
TENNISCOU,SOCCERFIE,300.604947957,,,
PARKING-Y,PARKING-W,904.225150487,,,
PARKING-Y,TENNISCOU,847.732833161,,,
HORNLIBRA,SOCCERFIE,812.257165189,,,
PARKING-Y,PARKING-C,128.986544236,,,
SOCCERFIE,PARKING-C,971.129707989,,,
TENNISCOU,PARKING-C,768.341291955,,,
PARKING-Y,PARKING-E,706.932650767,,,
LUKSICHAL,SOCCERFIE,616.482497171,,,
SOCCERFIE,PARKING-E,378.979331553,,,
TENNISCOU,PARKING-E,141.278442582,,,
PARKING-Y,PARKING-K,250.918333493,,,
SOCCERFIE,PARKING-K,776.389520871,,,
TENNISCOU,PARKING-K,597.869222475,,,
TENNISCOU,PARKING-F,872.210604621,,,
PARKING-Y,PARKING-H,439.571285886,,,
SOCCERFIE,PARKING-H,939.398447005,,,
TENNISCOU,PARKING-H,670.202885277,,,
PARKING-Y,PARKING-P,757.372821805,,,
SOCCERFIE,PARKING-P,266.888059411,,,
TENNISCOU,PARKING-P,261.773766422,,,
SOCCERFIE,PARKING-W,430.993817821,,,
TENNISCOU,PARKING-W,159.512336206,,,
PARKING-W,PARKING-Y,904.225150487,,,
SOCCERFIE,PARKING-Y,1021.507947446,,,
TENNISCOU,PARKING-Y,847.732833161,,,
PARKING-K,PARKING-Y,250.918333493,,,
GERBERHAL,SOCCERFIE,887.951426962,,,
TRIMDININ,SOCCERFIE,432.496885849,,,
PARKING-K,SOCCERFIE,776.389520870,,,
CANFIELDH,TENNISCOU,769.093921132,,,
MALLOYHAL,TENNISCOU,331.121119114,,,
WESTGATEH,TENNISCOU,665.928437868,,,
PARKING-E,TENNISCOU,141.278442582,,,
PARKING-P,TENNISCOU,261.773766422,,,
PARKING-H,TENNISCOU,670.202885277,,,
SOCCERFIE,TENNISCOU,300.604947956,,,
TRIMDININ,TENNISCOU,137.870232044,,,
PARKING-S,TENNISCOU,495.360203330,,,
KUROMAKUH,KUROMAKUE,97.942886924,,,
KUROMAKUH,KUROMAKUS,182.600364778,,,
KUROMAKUH,BRYANTHAL,590.567235652,,,
KUROMAKUH,CANFIELDH,553.489952294,,,
KUROMAKUH,CENTRALSE,89.384430080,,,
KUROMAKUH,COLEMANHA,511.901270833,,,
KUROMAKUS,COLEMANHA,424.159160734,,,
KUROMAKUH,FORESTHAL,706.960584917,,,
KUROMAKUH,FORESTHAL-A,683.748055486,,,
KUROMAKUS,FORESTHAL-A,584.169268307,,,
KUROMAKUH,GERBERHAL,455.116482067,,,
KUROMAKUS,GERBERHAL,289.223319231,,,
KUROMAKUH,HOLLISTER,498.287110582,,,
KUROMAKUS,HOLLISTER,319.259036844,,,
KUROMAKUH,HORNLIBRA,381.832904579,,,
KUROMAKUS,HORNLIBRA,209.924416544,,,
PARKING-W,HORNLIBRA,537.999423633,,,
KUROMAKUH,HORNCOMPU,383.427434691,,,
KUROMAKUS,HORNCOMPU,201.991612978,,,
PARKING-W,HORNCOMPU,500.534515064,,,
PARKING-Y,HORNCOMPU,506.835207887,,,
KUROMAKUH,KEITHHALL,402.063948451,,,
KUROMAKUS,KEITHHALL,251.923078219,,,
PARKING-W,KEITHHALL,598.334544419,,,
KUROMAKUH,KNIGHTAUD,342.707649848,,,
KUROMAKUS,KNIGHTAUD,335.068604595,,,
PARKING-W,KNIGHTAUD,644.298908530,,,
PARKING-Y,KNIGHTAUD,308.705931657,,,
KUROMAKUH,KRIEBELHA,295.862703427,,,
KUROMAKUS,KRIEBELHA,123.649673851,,,
PARKING-W,KRIEBELHA,462.677581510,,,
PARKING-Y,KRIEBELHA,474.877807184,,,
KUROMAKUH,LUKSICHAL,251.935297319,,,
PARKING-W,LUKSICHAL,560.465217620,,,
PARKING-Y,LUKSICHAL,405.063409130,,,
KUROMAKUH,MUSTARDHA,81.093483778,,,
KUROMAKUE,MUSTARDHA,85.762972015,,,
PARKING-W,MUSTARDHA,389.736329659,,,
PARKING-Y,MUSTARDHA,552.129006700,,,
KUROMAKUH,MALLOYHAL,134.619231913,,,
KUROMAKUE,MALLOYHAL,167.108279149,,,
PARKING-W,MALLOYHAL,444.849505299,,,
PARKING-Y,MALLOYHAL,550.586719232,,,
KUROMAKUH,MCCULLOUGH,228.123133716,,,
KUROMAKUE,MCCULLOUGH,231.356233156,,,
PARKING-W,MCCULLOUGH,540.814573747,,,
PARKING-Y,MCCULLOUGH,470.871480570,,,
KUROMAKUH,PARKMANOR-S,625.764885446,,,
KUROMAKUE,PARKMANOR-S,566.462683553,,,
PARKING-W,PARKMANOR-S,913.984482850,,,
PARKING-Y,PARKMANOR-S,79.116911822,,,
KUROMAKUH,PARKMANOR-N,549.443617634,,,
KUROMAKUH,PARKMANOR-C,591.319393160,,,
KUROMAKUE,PARKMANOR-N,485.186544536,,,
PARKING-W,PARKMANOR-N,831.469168739,,,
KUROMAKUH,SULLIVANB,333.421320033,,,
PARKING-Y,PARKMANOR-N,87.104485583,,,
KUROMAKUE,SULLIVANB,317.241312318,,,
PARKING-W,SULLIVANB,645.642978751,,,
KUROMAKUH,TRIMDININ,160.527300502,,,
KUROMAKUE,TRIMDININ,191.627086834,,,
KUROMAKUH,RECREATION,107.486030575,,,
KUROMAKUE,RECREATION,112.284693317,,,
KUROMAKUH,WOODLANDH-1,274.799515906,,,
KUROMAKUE,PARKMANOR-C,528.774489778,,,
PARKING-W,PARKMANOR-C,875.483095762,,,
PARKING-Y,PARKMANOR-C,63.372438515,,,
KUROMAKUH,POSTOFFIC,178.725104168,,,
KUROMAKUE,POSTOFFIC,167.108163142,,,
PARKING-W,POSTOFFIC,489.858465482,,,
PARKING-Y,POSTOFFIC,474.816343986,,,
KUROMAKUH,CAMPUSCEN,125.800785234,,,
KUROMAKUE,CAMPUSCEN,72.323599038,,,
PARKING-Y,SULLIVANB,380.981262236,,,
KUROMAKUH,TOMASSOHA,205.962083551,,,
PARKING-W,TRIMDININ,157.743415382,,,
KUROMAKUE,TOMASSOHA,290.124817221,,,
KUROMAKUH,WESTGATEH,480.894424278,,,
PARKING-Y,TRIMDININ,751.316779656,,,
PARKING-W,CAMPUSCEN,290.190470609,,,
PARKING-Y,CAMPUSCEN,614.034855667,,,
PARKING-W,TOMASSOHA,439.302178811,,,
PARKING-Y,TOMASSOHA,699.412888556,,,
KUROMAKUH,JABBER,432.317884262,,,
KUROMAKUE,JABBER,344.011363626,,,
PARKING-W,JABBER,665.162956039,,,
KUROMAKUE,WESTGATEH,384.812873174,,,
PARKING-W,WESTGATEH,668.315441803,,,
KUROMAKUE,WOODLANDH-1,277.673704755,,,
KUROMAKUH,WOODLANDH-2,285.415249267,,,
KUROMAKUE,WOODLANDH-2,298.422929275,,,
KUROMAKUH,WOODLANDH-3,293.371379208,,,
KUROMAKUE,WOODLANDH-3,315.407942565,,,
KUROMAKUH,WOODLANDH-4,262.772028980,,,
KUROMAKUE,WOODLANDH-4,287.002401163,,,
KUROMAKUH,PARKING-T,220.599537025,,,
KUROMAKUE,PARKING-T,256.675845202,,,
KUROMAKUH,PARKING-C,556.617830101,,,
KUROMAKUE,PARKING-C,475.983282697,,,
KUROMAKUH,PARKING-E,77.277299771,,,
KUROMAKUE,PARKING-E,159.255260521,,,
KUROMAKUH,PARKING-K,379.837126716,,,
KUROMAKUE,PARKING-K,316.278454850,,,
KUROMAKUH,PARKING-N,540.582750990,,,
KUROMAKUE,PARKING-N,443.365675521,,,
KUROMAKUH,PARKING-F,661.389514598,,,
KUROMAKUE,PARKING-F,579.561286152,,,
KUROMAKUH,PARKING-H,509.494292934,,,
KUROMAKUH,PARKING-P,229.787033956,,,
KUROMAKUE,PARKING-P,322.277608547,,,
KUROMAKUH,PARKING-S,291.359284998,,,
KUROMAKUH,PARKING-W,312.821885777,,,
KUROMAKUH,PARKING-Y,630.292538414,,,
KUROMAKUH,SOCCERFIE,433.932789248,,,
KUROMAKUH,TENNISCOU,218.531505376,,,
CANFIELDH,KUROMAKUE,479.423052350,,,
COLEMANHA,KUROMAKUE,435.905542818,,,
CANFIELDH,KUROMAKUS,469.280709016,,,
COLEMANHA,KUROMAKUS,424.159160734,,,
COLEMANHA,BRYANTHAL,89.145853503,,,
GERBERHAL,BRYANTHAL,354.823777406,,,
HORNLIBRA,BRYANTHAL,398.167738090,,,
COLEMANHA,CANFIELDH,45.240212063,,,
GERBERHAL,CANFIELDH,312.890686365,,,
GERBERHAL,CENTRALSE,499.640588910,,,
GERBERHAL,COLEMANHA,276.086510735,,,
BRYANTHAL,FORESTHAL,150.389193546,,,
GERBERHAL,FORESTHAL,375.506991218,,,
GERBERHAL,FORESTHAL-A,375.163604189,,,
BRYANTHAL,GERBERHAL,354.823777406,,,
BRYANTHAL,HOLLISTER,443.774530730,,,
BRYANTHAL,HORNLIBRA,398.167738090,,,
FORESTHAL,HORNLIBRA,441.333652197,,,
BRYANTHAL,HORNCOMPU,462.668877282,,,
GERBERHAL,HORNCOMPU,128.427550194,,,
BRYANTHAL,KEITHHALL,313.801587844,,,
FORESTHAL,KEITHHALL,363.442120381,,,
BRYANTHAL,KNIGHTAUD,277.175792000,,,
FORESTHAL,KNIGHTAUD,419.073687906,,,
BRYANTHAL,KRIEBELHA,429.894044930,,,
CENTRALSE,KRIEBELHA,351.722240697,,,
FORESTHAL,KRIEBELHA,496.834318044,,,
KUROMAKUS,LUKSICHAL,281.862816637,,,
BRYANTHAL,LUKSICHAL,371.639352459,,,
COLEMANHA,LUKSICHAL,310.230639655,,,
KUROMAKUS,MUSTARDHA,176.302856527,,,
BRYANTHAL,MUSTARDHA,513.291721105,,,
CENTRALSE,MUSTARDHA,87.850400278,,,
FORESTHAL,MUSTARDHA,634.304222946,,,
KUROMAKUS,MALLOYHAL,256.265320049,,,
BRYANTHAL,MALLOYHAL,515.663959673,,,
CENTRALSE,MALLOYHAL,69.249853036,,,
COLEMANHA,MALLOYHAL,448.332877120,,,
KUROMAKUS,MCCULLOUGH,306.476952873,,,
CENTRALSE,MCCULLOUGH,167.757416824,,,
COLEMANHA,MCCULLOUGH,382.331197232,,,
FORESTHAL,MCCULLOUGH,580.079059308,,,
GERBERHAL,MCCULLOUGH,459.174950872,,,
KUROMAKUS,PARKMANOR-S,574.328426504,,,
CENTRALSE,PARKMANOR-S,599.620684192,,,
COLEMANHA,PARKMANOR-S,175.598487711,,,
KUROMAKUS,PARKMANOR-C,533.495027525,,,
CENTRALSE,PARKMANOR-C,569.386817932,,,
COLEMANHA,PARKMANOR-C,132.364278867,,,
FORESTHAL,PARKMANOR-C,205.764605987,,,
KUROMAKUS,PARKMANOR-N,488.939697397,,,
CENTRALSE,PARKMANOR-N,530.383543306,,,
COLEMANHA,PARKMANOR-N,95.602563174,,,
KUROMAKUS,POSTOFFIC,240.529640270,,,
CENTRALSE,POSTOFFIC,140.784718119,,,
COLEMANHA,POSTOFFIC,371.691215896,,,
GERBERHAL,POSTOFFIC,409.946771039,,,
KUROMAKUS,CAMPUSCEN,75.094718722,,,
CENTRALSE,CAMPUSCEN,209.456345141,,,
COLEMANHA,CAMPUSCEN,484.650375726,,,
GERBERHAL,CAMPUSCEN,364.309354932,,,
KUROMAKUS,SULLIVANB,375.642170895,,,
CENTRALSE,SULLIVANB,278.916921181,,,
COLEMANHA,SULLIVANB,314.593350618,,,
KUROMAKUS,TOMASSOHA,382.198849949,,,
CENTRALSE,TOMASSOHA,130.271145035,,,
KUROMAKUS,TRIMDININ,212.286545900,,,
CENTRALSE,TRIMDININ,241.789990983,,,
COLEMANHA,TRIMDININ,623.675807779,,,
KUROMAKUS,JABBER,312.320383676,,,
CANFIELDH,JABBER,174.624931648,,,
KUROMAKUS,RECREATION,139.735659807,,,
CANFIELDH,RECREATION,587.955821134,,,
CENTRALSE,RECREATION,196.740112112,,,
KUROMAKUS,WESTGATEH,327.419166740,,,
CANFIELDH,WESTGATEH,255.237656002,,,
CENTRALSE,WESTGATEH,515.736684001,,,
KUROMAKUS,WOODLANDH-1,258.101374595,,,
CANFIELDH,WOODLANDH-1,727.167676756,,,
CENTRALSE,WOODLANDH-1,360.270903980,,,
KUROMAKUS,WOODLANDH-2,286.222632772,,,
CANFIELDH,WOODLANDH-2,755.479900123,,,
CENTRALSE,WOODLANDH-2,367.812789830,,,
COLEMANHA,WOODLANDH-2,710.375025865,,,
KUROMAKUS,WOODLANDH-3,310.117696612,,,
CANFIELDH,WOODLANDH-3,778.791174354,,,
CENTRALSE,WOODLANDH-3,372.248357545,,,
CANFIELDH,WOODLANDH-4,753.963497293,,,
CENTRALSE,WOODLANDH-4,341.702239052,,,
COLEMANHA,WOODLANDH-4,709.095081156,,,
CANFIELDH,PARKING-T,731.659815062,,,
CENTRALSE,PARKING-T,295.994648189,,,
COLEMANHA,PARKING-T,687.227615272,,,
CENTRALSE,PARKING-C,558.336720710,,,
COLEMANHA,PARKING-C,57.623284380,,,
HORNLIBRA,PARKING-C,318.449636333,,,
CENTRALSE,PARKING-E,137.973502207,,,
COLEMANHA,PARKING-E,587.136891445,,,
HORNLIBRA,PARKING-E,434.063780870,,,
CENTRALSE,PARKING-K,366.163456845,,,
HORNLIBRA,PARKING-K,295.167074536,,,
CENTRALSE,PARKING-N,579.740089362,,,
HORNLIBRA,PARKING-N,171.733338614,,,
CENTRALSE,PARKING-F,663.038179126,,,
HORNLIBRA,PARKING-F,398.804575277,,,
CENTRALSE,PARKING-H,559.611434668,,,
CENTRALSE,PARKING-P,169.904327652,,,
HOLLISTER,PARKING-P,722.254633846,,,
CENTRALSE,PARKING-S,232.602292339,,,
HOLLISTER,PARKING-S,548.045688039,,,
CENTRALSE,PARKING-W,384.682270924,,,
HOLLISTER,PARKING-W,614.166936490,,,
HORNLIBRA,PARKING-W,537.999423633,,,
CENTRALSE,PARKING-Y,615.197767070,,,
HOLLISTER,PARKING-Y,484.468892308,,,
CENTRALSE,SOCCERFIE,412.927945253,,,
HOLLISTER,SOCCERFIE,923.205284763,,,
CENTRALSE,TENNISCOU,263.369550134,,,
HOLLISTER,TENNISCOU,646.892126059,,,
HORNLIBRA,TENNISCOU,547.529324628,,,
HORNLIBRA,CANFIELDH,354.163777719,,,
LUKSICHAL,CANFIELDH,343.204984076,,,
HORNLIBRA,CENTRALSE,433.566368621,,,
LUKSICHAL,CENTRALSE,214.108668585,,,
HORNLIBRA,COLEMANHA,312.323929065,,,
LUKSICHAL,COLEMANHA,310.230639655,,,
PARKMANOR-S,COLEMANHA,175.598487711,,,
HORNLIBRA,FORESTHAL,441.333652197,,,
KNIGHTAUD,FORESTHAL,419.073687906,,,
HORNLIBRA,FORESTHAL-A,436.166956504,,,
KNIGHTAUD,FORESTHAL-A,387.084833644,,,
LUKSICHAL,FORESTHAL-A,478.766014532,,,
HORNLIBRA,GERBERHAL,81.671122269,,,
KNIGHTAUD,GERBERHAL,368.332457631,,,
LUKSICHAL,GERBERHAL,393.899853366,,,
HORNLIBRA,HOLLISTER,123.325832127,,,
KNIGHTAUD,HOLLISTER,459.114396266,,,
LUKSICHAL,HOLLISTER,475.553731062,,,
HORNCOMPU,HORNLIBRA,64.709704868,,,
KNIGHTAUD,HORNLIBRA,351.197608414,,,
MALLOYHAL,HORNLIBRA,410.165544348,,,
PARKMANOR-S,HORNLIBRA,486.639525125,,,
HORNLIBRA,HORNCOMPU,64.709704868,,,
KNIGHTAUD,HORNCOMPU,404.227310709,,,
LUKSICHAL,HORNCOMPU,398.277011008,,,
HORNLIBRA,KEITHHALL,84.372154415,,,
HORNCOMPU,KEITHHALL,148.976126928,,,
MALLOYHAL,KEITHHALL,402.166420921,,,
PARKMANOR-S,KEITHHALL,402.905687194,,,
HORNLIBRA,KNIGHTAUD,351.197608414,,,
HORNCOMPU,KNIGHTAUD,404.227310709,,,
MUSTARDHA,KNIGHTAUD,261.619341461,,,
HORNLIBRA,KRIEBELHA,86.879977882,,,
HORNCOMPU,KRIEBELHA,98.183773671,,,
KEITHHALL,KRIEBELHA,135.957948623,,,
LUKSICHAL,KRIEBELHA,304.039690708,,,
MUSTARDHA,KRIEBELHA,265.331216095,,,
HORNLIBRA,LUKSICHAL,356.562332967,,,
HORNCOMPU,LUKSICHAL,398.277011008,,,
KEITHHALL,LUKSICHAL,320.070155775,,,
MUSTARDHA,LUKSICHAL,171.603887882,,,
HORNLIBRA,MUSTARDHA,346.100532882,,,
HORNCOMPU,MUSTARDHA,360.895923781,,,
KEITHHALL,MUSTARDHA,350.911744941,,,
LUKSICHAL,MUSTARDHA,171.603887882,,,
HORNLIBRA,MALLOYHAL,410.165544348,,,
HORNCOMPU,MALLOYHAL,432.189360641,,,
KEITHHALL,MALLOYHAL,402.166420921,,,
LUKSICHAL,MALLOYHAL,146.711464564,,,
HORNLIBRA,MCCULLOUGH,414.824216565,,,
HORNCOMPU,MCCULLOUGH,450.230890972,,,
KEITHHALL,MCCULLOUGH,386.583270790,,,
LUKSICHAL,MCCULLOUGH,73.852886705,,,
HORNLIBRA,PARKMANOR-S,486.639525125,,,
HORNCOMPU,PARKMANOR-S,551.312331015,,,
KEITHHALL,PARKMANOR-S,402.905687193,,,
HORNLIBRA,PARKMANOR-C,443.034940451,,,
HORNCOMPU,PARKMANOR-C,507.704595328,,,
KEITHHALL,PARKMANOR-C,359.334613062,,,
LUKSICHAL,PARKMANOR-C,356.432546847,,,
HORNLIBRA,PARKMANOR-N,401.717987522,,,
HORNCOMPU,PARKMANOR-N,466.261200117,,,
KEITHHALL,PARKMANOR-N,318.595939959,,,
HORNLIBRA,POSTOFFIC,359.150835217,,,
HORNCOMPU,POSTOFFIC,390.219637349,,,
KEITHHALL,POSTOFFIC,339.820589238,,,
LUKSICHAL,POSTOFFIC,74.955735867,,,
HORNLIBRA,CAMPUSCEN,284.762258822,,,
HORNCOMPU,CAMPUSCEN,272.521534246,,,
KEITHHALL,CAMPUSCEN,325.580017554,,,
LUKSICHAL,CAMPUSCEN,296.426501590,,,
HORNLIBRA,SULLIVANB,432.221631321,,,
HORNCOMPU,SULLIVANB,479.745695442,,,
KEITHHALL,SULLIVANB,383.387912799,,,
LUKSICHAL,SULLIVANB,94.009623673,,,
HORNLIBRA,TOMASSOHA,562.805558021,,,
HORNCOMPU,TOMASSOHA,576.192624224,,,
KEITHHALL,TOMASSOHA,562.686066790,,,
LUKSICHAL,TOMASSOHA,296.656361792,,,
HORNCOMPU,TRIMDININ,391.362136393,,,
KEITHHALL,TRIMDININ,464.135682550,,,
LUKSICHAL,TRIMDININ,403.360153512,,,
MUSTARDHA,TRIMDININ,233.687068796,,,
HORNCOMPU,JABBER,245.096762414,,,
KEITHHALL,JABBER,96.446357294,,,
LUKSICHAL,JABBER,289.469132113,,,
HORNCOMPU,RECREATION,332.595660524,,,
LUKSICHAL,RECREATION,330.154327431,,,
MUSTARDHA,RECREATION,165.723761519,,,
HORNCOMPU,WESTGATEH,188.401916126,,,
LUKSICHAL,WESTGATEH,384.949087870,,,
MUSTARDHA,WESTGATEH,428.902887286,,,
HORNCOMPU,WOODLANDH-1,386.992357250,,,
LUKSICHAL,WOODLANDH-1,501.325505810,,,
HORNCOMPU,WOODLANDH-2,420.299242543,,,
LUKSICHAL,WOODLANDH-2,519.986053481,,,
HORNCOMPU,WOODLANDH-3,449.906258278,,,
LUKSICHAL,WOODLANDH-3,534.036435095,,,
HORNCOMPU,WOODLANDH-4,435.638796605,,,
LUKSICHAL,WOODLANDH-4,504.319111474,,,
HORNCOMPU,PARKING-T,437.375535228,,,
LUKSICHAL,PARKING-T,467.332951203,,,
HORNCOMPU,PARKING-C,382.082183272,,,
HORNCOMPU,PARKING-E,425.949809189,,,
LUKSICHAL,PARKING-E,327.666846323,,,
HORNCOMPU,PARKING-K,354.214722784,,,
HORNCOMPU,PARKING-N,211.925174953,,,
LUKSICHAL,PARKING-N,453.001678366,,,
HORNCOMPU,PARKING-F,459.306499930,,,
LUKSICHAL,PARKING-F,466.732692816,,,
HORNCOMPU,PARKING-H,146.650060639,,,
HORNCOMPU,PARKING-P,610.452584470,,,
LUKSICHAL,PARKING-P,353.581503368,,,
HORNCOMPU,PARKING-S,472.879724740,,,
HORNCOMPU,PARKING-W,500.534515064,,,
LUKSICHAL,PARKING-W,560.465217620,,,
HORNCOMPU,PARKING-Y,506.835207887,,,
LUKSICHAL,PARKING-Y,405.063409129,,,
HORNCOMPU,SOCCERFIE,804.552460686,,,
HORNCOMPU,TENNISCOU,527.404425614,,,
LUKSICHAL,TENNISCOU,466.843531164,,,
PARKMANOR-N,KUROMAKUE,485.186544536,,,
CAMPUSCEN,KUROMAKUE,72.323599038,,,
PARKMANOR-N,KUROMAKUS,488.939697397,,,
CAMPUSCEN,KUROMAKUS,75.094718722,,,
PARKMANOR-N,BRYANTHAL,65.569971179,,,
CAMPUSCEN,BRYANTHAL,570.812683084,,,
JABBER,BRYANTHAL,218.953126842,,,
PARKMANOR-N,CANFIELDH,73.139853724,,,
CAMPUSCEN,CANFIELDH,529.262626955,,,
PARKMANOR-N,CENTRALSE,530.383543307,,,
CAMPUSCEN,CENTRALSE,209.456345141,,,
SULLIVANB,CENTRALSE,278.916921181,,,
PARKMANOR-N,COLEMANHA,95.602563174,,,
POSTOFFIC,COLEMANHA,371.691215896,,,
CAMPUSCEN,COLEMANHA,484.650375726,,,
PARKMANOR-N,FORESTHAL,215.790251526,,,
POSTOFFIC,FORESTHAL,571.399877186,,,
CAMPUSCEN,FORESTHAL,666.689448766,,,
PARKMANOR-N,FORESTHAL-A,179.084347503,,,
POSTOFFIC,FORESTHAL-A,543.069345844,,,
CAMPUSCEN,FORESTHAL-A,649.208425815,,,
PARKMANOR-N,GERBERHAL,370.742724265,,,
POSTOFFIC,GERBERHAL,409.946771039,,,
PARKMANOR-N,HOLLISTER,464.088756169,,,
POSTOFFIC,HOLLISTER,482.032535882,,,
CAMPUSCEN,HOLLISTER,391.308544607,,,
PARKMANOR-N,HORNLIBRA,401.717987522,,,
POSTOFFIC,HORNLIBRA,359.150835217,,,
CAMPUSCEN,HORNLIBRA,284.762258822,,,
PARKMANOR-N,HORNCOMPU,466.261200117,,,
POSTOFFIC,HORNCOMPU,390.219637350,,,
CAMPUSCEN,HORNCOMPU,272.521534246,,,
PARKMANOR-N,KEITHHALL,318.595939959,,,
POSTOFFIC,KEITHHALL,339.820589238,,,
CAMPUSCEN,KEITHHALL,325.580017554,,,
PARKMANOR-N,KNIGHTAUD,222.042735163,,,
POSTOFFIC,KNIGHTAUD,171.178298127,,,
CAMPUSCEN,KNIGHTAUD,366.562799415,,,
PARKMANOR-S,KRIEBELHA,507.078449937,,,
PARKMANOR-N,KRIEBELHA,420.236225413,,,
POSTOFFIC,KRIEBELHA,292.258200239,,,
CAMPUSCEN,KRIEBELHA,198.719196454,,,
PARKMANOR-S,LUKSICHAL,385.645511828,,,
PARKMANOR-N,LUKSICHAL,318.905660638,,,
POSTOFFIC,LUKSICHAL,74.955735867,,,
CAMPUSCEN,LUKSICHAL,296.426501590,,,
PARKMANOR-S,MUSTARDHA,545.410330604,,,
PARKMANOR-N,MUSTARDHA,470.183629815,,,
POSTOFFIC,MUSTARDHA,100.237217401,,,
CAMPUSCEN,MUSTARDHA,151.202546174,,,
PARKMANOR-S,MALLOYHAL,532.245687814,,,
PARKMANOR-N,MALLOYHAL,464.976296298,,,
CAMPUSCEN,MALLOYHAL,231.499591511,,,
TRIMDININ,MALLOYHAL,295.050568178,,,
PARKMANOR-N,MCCULLOUGH,383.923025671,,,
POSTOFFIC,MCCULLOUGH,65.953266210,,,
CAMPUSCEN,MCCULLOUGH,302.826066782,,,
PARKMANOR-N,PARKMANOR-S,86.868085324,,,
CAMPUSCEN,PARKMANOR-S,625.411044777,,,
TRIMDININ,PARKMANOR-S,758.088585605,,,
CAMPUSCEN,PARKMANOR-C,586.191651417,,,
TRIMDININ,PARKMANOR-C,720.264387597,,,
CAMPUSCEN,PARKMANOR-N,541.980741679,,,
TRIMDININ,POSTOFFIC,333.906233642,,,
TRIMDININ,CAMPUSCEN,141.014117805,,,
TRIMDININ,SULLIVANB,490.009411205,,,
TRIMDININ,TOMASSOHA,325.273655759,,,
TRIMDININ,JABBER,521.179170586,,,
TRIMDININ,RECREATION,80.077992077,,,
PARKMANOR-N,WESTGATEH,316.896483284,,,
TRIMDININ,WOODLANDH-1,121.192901910,,,
PARKMANOR-N,WOODLANDH-2,772.752555762,,,
PARKMANOR-N,WOODLANDH-3,794.137451213,,,
TRIMDININ,WOODLANDH-3,132.940528131,,,
PARKMANOR-N,WOODLANDH-4,767.753832217,,,
PARKMANOR-N,PARKING-T,741.334770267,,,
TRIMDININ,PARKING-T,65.154427026,,,
PARKMANOR-N,PARKING-C,129.351945536,,,
PARKMANOR-C,PARKING-E,668.496103484,,,
PARKMANOR-N,PARKING-E,626.498480304,,,
PARKMANOR-C,PARKING-K,212.844718244,,,
PARKMANOR-N,PARKING-K,169.959004995,,,
PARKMANOR-C,PARKING-N,392.259436679,,,
PARKMANOR-N,PARKING-N,361.304737575,,,
POSTOFFIC,PARKING-N,479.497085702,,,
PARKMANOR-C,PARKING-F,183.948360664,,,
PARKMANOR-N,PARKING-F,185.515788781,,,
POSTOFFIC,PARKING-F,527.819548656,,,
PARKMANOR-C,PARKING-H,458.083766748,,,
PARKMANOR-N,PARKING-H,423.389981508,,,
POSTOFFIC,PARKING-H,475.817720197,,,
PARKMANOR-C,PARKING-P,705.601408428,,,
PARKMANOR-N,PARKING-P,670.557709183,,,
POSTOFFIC,PARKING-P,291.082274109,,,
PARKMANOR-C,PARKING-S,367.620224816,,,
PARKMANOR-N,PARKING-S,336.038923469,,,
POSTOFFIC,PARKING-S,118.312154065,,,
TRIMDININ,PARKING-S,449.876279924,,,
PARKMANOR-C,PARKING-W,875.483095762,,,
PARKMANOR-N,PARKING-W,831.469168739,,,
POSTOFFIC,PARKING-W,489.858465483,,,
CAMPUSCEN,PARKING-W,290.190470609,,,
PARKMANOR-C,PARKING-Y,63.372438515,,,
PARKMANOR-N,PARKING-Y,87.104485583,,,
POSTOFFIC,PARKING-Y,474.816343986,,,
CAMPUSCEN,PARKING-Y,614.034855666,,,
PARKMANOR-C,SOCCERFIE,971.162129863,,,
PARKMANOR-N,SOCCERFIE,935.090072051,,,
POSTOFFIC,SOCCERFIE,549.063155568,,,
CAMPUSCEN,SOCCERFIE,532.035563650,,,
PARKMANOR-C,TENNISCOU,809.758011786,,,
PARKMANOR-N,TENNISCOU,767.685112534,,,
POSTOFFIC,TENNISCOU,392.081909971,,,
CAMPUSCEN,TENNISCOU,264.200443510,,,
WOODLANDH-3,KUROMAKUE,315.407942566,,,
PARKING-T,KUROMAKUE,256.675845203,,,
RECREATION,KUROMAKUS,139.735659808,,,
WOODLANDH-3,KUROMAKUS,310.117696612,,,
PARKING-T,KUROMAKUS,270.813313185,,,
RECREATION,BRYANTHAL,628.674113000,,,
WOODLANDH-3,BRYANTHAL,821.111567264,,,
PARKING-T,BRYANTHAL,772.768802198,,,
RECREATION,CANFIELDH,587.955821134,,,
WOODLANDH-3,CANFIELDH,778.791174354,,,
JABBER,CENTRALSE,449.700452461,,,
RECREATION,CENTRALSE,196.740112112,,,
WOODLANDH-3,CENTRALSE,372.248357545,,,
JABBER,COLEMANHA,131.993373611,,,
RECREATION,COLEMANHA,543.785441235,,,
WOODLANDH-3,COLEMANHA,733.795474286,,,
JABBER,FORESTHAL,287.362110552,,,
RECREATION,FORESTHAL,728.837004739,,,
WOODLANDH-3,FORESTHAL,908.423972112,,,
PARKING-T,FORESTHAL,869.208601617,,,
JABBER,FORESTHAL-A,273.164507645,,,
RECREATION,FORESTHAL-A,710.357239270,,,
WOODLANDH-3,FORESTHAL-A,893.959188197,,,
JABBER,GERBERHAL,153.118977552,,,
RECREATION,GERBERHAL,428.665413834,,,
WOODLANDH-3,GERBERHAL,570.008141277,,,
JABBER,HOLLISTER,248.725496892,,,
RECREATION,HOLLISTER,452.040650745,,,
WOODLANDH-3,HOLLISTER,562.725489410,,,
JABBER,HORNLIBRA,180.387164658,,,
RECREATION,HORNLIBRA,348.609901653,,,
JABBER,HORNCOMPU,245.096762414,,,
WOODLANDH-3,HORNCOMPU,449.906258278,,,
PARKING-E,HORNCOMPU,425.949809189,,,
JABBER,KEITHHALL,96.446357294,,,
WOODLANDH-3,KEITHHALL,551.586439739,,,
JABBER,KNIGHTAUD,236.737638602,,,
WOODLANDH-3,KNIGHTAUD,613.888779671,,,
JABBER,KRIEBELHA,214.462671943,,,
WOODLANDH-3,KRIEBELHA,415.657026376,,,
JABBER,LUKSICHAL,289.469132113,,,
PARKING-E,LUKSICHAL,327.666846323,,,
JABBER,MUSTARDHA,367.560432165,,,
PARKING-E,MUSTARDHA,158.105595328,,,
JABBER,MALLOYHAL,401.290976695,,,
PARKING-E,MALLOYHAL,199.615780115,,,
JABBER,MCCULLOUGH,362.196218733,,,
PARKING-E,MCCULLOUGH,297.627837954,,,
JABBER,PARKMANOR-S,306.459958137,,,
JABBER,PARKMANOR-C,262.888471678,,,
JABBER,PARKMANOR-N,222.360691259,,,
JABBER,POSTOFFIC,329.469932105,,,
JABBER,CAMPUSCEN,380.165450236,,,
JABBER,TOMASSOHA,564.696982829,,,
PARKING-C,TOMASSOHA,659.789449670,,,
WOODLANDH-2,TRIMDININ,126.026602794,,,
PARKING-C,TRIMDININ,660.113605517,,,
WOODLANDH-2,JABBER,596.016462718,,,
WOODLANDH-3,JABBER,621.325683226,,,
WOODLANDH-2,RECREATION,189.938465811,,,
WOODLANDH-3,RECREATION,204.451691624,,,
PARKING-C,RECREATION,580.846085918,,,
WOODLANDH-2,WESTGATEH,592.166961985,,,
WOODLANDH-3,WESTGATEH,620.212689297,,,
WOODLANDH-2,WOODLANDH-1,33.498883165,,,
WOODLANDH-3,WOODLANDH-1,63.919856808,,,
PARKING-T,WOODLANDH-1,96.689572376,,,
WOODLANDH-3,WOODLANDH-2,30.645510953,,,
PARKING-T,WOODLANDH-2,83.968834776,,,
PARKING-C,WOODLANDH-2,740.300940338,,,
WOODLANDH-2,WOODLANDH-3,30.645510953,,,
PARKING-T,WOODLANDH-3,78.037499498,,,
WOODLANDH-2,WOODLANDH-4,37.292077895,,,
WOODLANDH-3,WOODLANDH-4,30.643626322,,,
WOODLANDH-2,PARKING-T,83.968834776,,,
WOODLANDH-3,PARKING-T,78.037499498,,,
WOODLANDH-2,PARKING-C,740.300940338,,,
WOODLANDH-3,PARKING-C,764.979167830,,,
PARKING-T,PARKING-C,722.560188800,,,
WOODLANDH-2,PARKING-E,234.199959974,,,
WOODLANDH-3,PARKING-E,235.795621930,,,
PARKING-T,PARKING-E,158.618396651,,,
WOODLANDH-2,PARKING-K,608.026902120,,,
WOODLANDH-3,PARKING-K,628.142434657,,,
PARKING-T,PARKING-K,572.885721895,,,
WOODLANDH-2,PARKING-N,629.812029406,,,
WOODLANDH-3,PARKING-N,658.856815783,,,
WOODLANDH-2,PARKING-F,837.394256654,,,
WOODLANDH-3,PARKING-F,862.928071628,,,
PARKING-T,PARKING-F,823.339535914,,,
PARKING-K,PARKING-F,302.671352069,,,
WOODLANDH-2,PARKING-H,566.475265525,,,
WOODLANDH-3,PARKING-H,596.243599077,,,
PARKING-T,PARKING-H,583.491398130,,,
WOODLANDH-2,PARKING-P,435.393360114,,,
WOODLANDH-3,PARKING-P,427.702290221,,,
PARKING-T,PARKING-P,351.847504228,,,
WOODLANDH-2,PARKING-S,571.284605270,,,
WOODLANDH-3,PARKING-S,582.522679512,,,
PARKING-T,PARKING-S,511.709436297,,,
WOODLANDH-2,PARKING-W,82.919130358,,,
WOODLANDH-3,PARKING-W,52.275418348,,,
WOODLANDH-4,PARKING-W,66.790722421,,,
WOODLANDH-2,PARKING-Y,842.092754855,,,
WOODLANDH-3,PARKING-Y,864.824987180,,,
WOODLANDH-4,PARKING-Y,839.449807837,,,
PARKING-T,PARKING-Y,815.570905094,,,
WOODLANDH-2,SOCCERFIE,490.972954715,,,
WOODLANDH-3,SOCCERFIE,468.169848155,,,
WOODLANDH-4,SOCCERFIE,454.534303449,,,
PARKING-T,SOCCERFIE,418.391477326,,,
WOODLANDH-2,TENNISCOU,196.941044705,,,
WOODLANDH-3,TENNISCOU,179.818885742,,,
PARKING-T,TENNISCOU,118.564559199,,,
PARKING-K,TENNISCOU,597.869222475,,,
PARKING-N,KUROMAKUE,443.365675521,,,
PARKING-F,KUROMAKUE,579.561286152,,,
PARKING-N,KUROMAKUS,378.665739082,,,
PARKING-F,KUROMAKUS,553.960186559,,,
PARKING-W,KUROMAKUS,352.911304506,,,
PARKING-N,BRYANTHAL,330.103536348,,,
PARKING-F,BRYANTHAL,120.592968866,,,
PARKING-W,BRYANTHAL,860.965718844,,,
PARKING-N,CANFIELDH,293.668016298,,,
PARKING-F,CANFIELDH,127.878512083,,,
PARKING-W,CANFIELDH,819.233754964,,,
PARKING-Y,CANFIELDH,89.383713256,,,
PARKING-K,CENTRALSE,366.163456845,,,
PARKING-N,CENTRALSE,579.740089362,,,
PARKING-F,CENTRALSE,663.038179127,,,
PARKING-W,CENTRALSE,384.682270924,,,
PARKING-N,COLEMANHA,266.701261220,,,
PARKING-F,COLEMANHA,156.572035166,,,
PARKING-W,COLEMANHA,774.478242842,,,
PARKING-Y,COLEMANHA,134.088858467,,,
PARKING-K,FORESTHAL,345.218656398,,,
PARKING-N,FORESTHAL,316.126987612,,,
PARKING-W,FORESTHAL,952.519395523,,,
PARKING-Y,FORESTHAL,143.584199052,,,
PARKING-K,FORESTHAL-A,315.937828160,,,
PARKING-N,FORESTHAL-A,323.574132326,,,
PARKING-W,FORESTHAL-A,936.954191652,,,
PARKING-Y,FORESTHAL-A,105.403027056,,,
PARKING-K,GERBERHAL,298.443905508,,,
PARKING-N,GERBERHAL,90.144810032,,,
PARKING-W,GERBERHAL,619.279954299,,,
PARKING-Y,GERBERHAL,397.062570995,,,
PARKING-K,HOLLISTER,392.438922336,,,
PARKING-N,HOLLISTER,129.994290237,,,
PARKING-W,HOLLISTER,614.166936490,,,
PARKING-Y,HOLLISTER,484.468892308,,,
PARKING-K,HORNLIBRA,295.167074535,,,
PARKING-N,HORNLIBRA,171.733338614,,,
PARKING-Y,HORNLIBRA,442.439999119,,,
SOCCERFIE,HORNLIBRA,812.257165189,,,
PARKING-K,HORNCOMPU,354.214722784,,,
PARKING-N,HORNCOMPU,211.925174953,,,
SOCCERFIE,HORNCOMPU,804.552460686,,,
PARKING-K,KEITHHALL,226.997699978,,,
PARKING-N,KEITHHALL,141.806708164,,,
PARKING-Y,KEITHHALL,358.113492633,,,
PARKING-K,KNIGHTAUD,84.546355063,,,
PARKING-N,KNIGHTAUD,410.651568634,,,
PARKING-K,KRIEBELHA,284.000008741,,,
PARKING-N,KRIEBELHA,255.242804808,,,
PARKING-K,LUKSICHAL,164.094823910,,,
PARKING-K,MUSTARDHA,301.236150745,,,
PARKING-N,MUSTARDHA,492.370579116,,,
PARKING-K,MALLOYHAL,303.974399795,,,
PARKING-K,MCCULLOUGH,236.498742277,,,
PARKING-N,MCCULLOUGH,522.594300390,,,
PARKING-H,MCCULLOUGH,526.453041236,,,
PARKING-K,PARKMANOR-S,250.222360478,,,
PARKING-H,PARKMANOR-S,499.895900831,,,
PARKING-K,PARKMANOR-C,212.844718244,,,
PARKING-K,PARKMANOR-N,169.959004995,,,
PARKING-H,PARKMANOR-N,423.389981508,,,
PARKING-K,POSTOFFIC,227.335139553,,,
PARKING-H,POSTOFFIC,475.817720197,,,
PARKING-K,CAMPUSCEN,375.874255697,,,
PARKING-K,SULLIVANB,180.703640178,,,
PARKING-K,TOMASSOHA,460.135235411,,,
PARKING-K,TRIMDININ,507.893190125,,,
PARKING-P,TRIMDININ,322.955354343,,,
PARKING-K,JABBER,156.674229724,,,
PARKING-P,JABBER,615.498816041,,,
PARKING-K,RECREATION,428.240700520,,,
PARKING-P,RECREATION,316.815195181,,,
PARKING-S,RECREATION,382.101519656,,,
PARKING-K,WESTGATEH,267.305407516,,,
PARKING-N,WESTGATEH,68.058320472,,,
PARKING-P,WESTGATEH,685.319267717,,,
PARKING-K,WOODLANDH-1,582.942292853,,,
PARKING-P,WOODLANDH-1,440.671823930,,,
PARKING-S,WOODLANDH-1,555.454951172,,,
PARKING-K,WOODLANDH-2,608.026902120,,,
PARKING-N,WOODLANDH-2,629.812029406,,,
PARKING-P,WOODLANDH-2,435.393360114,,,
PARKING-K,WOODLANDH-3,628.142434657,,,
PARKING-N,WOODLANDH-3,658.856815783,,,
PARKING-P,WOODLANDH-3,427.702290221,,,
PARKING-K,WOODLANDH-4,601.011276326,,,
PARKING-N,WOODLANDH-4,642.582928322,,,
PARKING-P,WOODLANDH-4,400.797234929,,,
PARKING-S,WOODLANDH-4,552.184294760,,,
PARKING-K,PARKING-T,572.885721895,,,
PARKING-N,PARKING-T,639.186680725,,,
PARKING-S,PARKING-T,511.709436297,,,
PARKING-W,PARKING-T,93.134891684,,,
PARKING-K,PARKING-C,201.375493295,,,
PARKING-N,PARKING-C,240.725129101,,,
PARKING-P,PARKING-C,714.966411314,,,
PARKING-N,PARKING-E,599.131216244,,,
PARKING-S,PARKING-E,362.134240236,,,
PARKING-W,PARKING-E,246.737114525,,,
PARKING-N,PARKING-K,331.620201071,,,
PARKING-S,PARKING-K,206.510205545,,,
PARKING-W,PARKING-K,663.811342552,,,
PARKING-S,PARKING-N,518.555325353,,,
PARKING-W,PARKING-N,708.501768992,,,
PARKING-N,PARKING-F,282.031565489,,,
PARKING-S,PARKING-F,501.224953902,,,
PARKING-W,PARKING-F,906.841151688,,,
PARKING-N,PARKING-H,81.587808991,,,
PARKING-S,PARKING-H,532.450931367,,,
PARKING-N,PARKING-P,749.590528950,,,
PARKING-S,PARKING-P,341.299329253,,,
PARKING-N,PARKING-S,518.555325353,,,
SOCCERFIE,PARKING-S,608.166635052,,,
PARKING-N,PARKING-W,708.501768992,,,
PARKING-S,PARKING-W,604.167383985,,,
PARKING-N,PARKING-Y,367.495246479,,,
PARKING-S,PARKING-Y,423.034718192,,,
PARKING-N,SOCCERFIE,974.306924412,,,
PARKING-S,SOCCERFIE,608.166635052,,,
PARKING-N,TENNISCOU,717.655729412,,,
TENNISCOU,CAMPUSCEN,264.200443510,,,
TENNISCOU,TOMASSOHA,288.722500613,,,
TENNISCOU,TRIMDININ,137.870232044,,,
TENNISCOU,JABBER,636.156770588,,,
TENNISCOU,RECREATION,199.403370488,,,