cd_major,degree_name,total_units,terms
AER,Bachelor of Science in Aeronautical Engineering,122,8
CHE,Bachelor of Science in Chemical Engineering,122,8
CIV,Bachelor of Science in Civil Engineering,122,8
COM,Bachelor of Science in Computer Science,118,8
ENG,Bachelor of Science in Electrical Engineering,122,8
MAN,Bachelor of Science in Manufacturing,122,8
MAT,Bachelor of Science in Materials Science,122,8
MEC,Bachelor of Science in Mechanical Engineering,122,8
NUC,Bachelor of Science in Nuclear Engineering,122,8
